user_id,race,pred_race
12488.0,4.0,
719703.0,4.0,
722153.0,3.0,
749003.0,5.0,
755531.0,4.0,
811618.0,3.0,3.0
822540.0,4.0,
865071.0,4.0,3.0
988211.0,4.0,0.0
1025311.0,4.0,3.0
1143891.0,3.0,2.0
1191741.0,4.0,1.0
1397001.0,5.0,
1459461.0,4.0,0.0
1603031.0,3.0,0.0
1605181.0,4.0,
1846921.0,4.0,
2026441.0,4.0,3.0
2093301.0,1.0,
2880931.0,5.0,
3144431.0,4.0,
3237521.0,4.0,0.0
3488451.0,3.0,
3544741.0,4.0,0.0
3566011.0,1.0,1.0
3770721.0,4.0,0.0
4339771.0,4.0,
4521491.0,1.0,0.0
4650621.0,4.0,
5135501.0,4.0,
5371102.0,4.0,
5416812.0,4.0,0.0
5666752.0,4.0,3.0
5690282.0,2.0,0.0
5874062.0,1.0,1.0
5880532.0,4.0,1.0
5917992.0,4.0,1.0
6051522.0,4.0,0.0
6332682.0,3.0,1.0
6470852.0,4.0,3.0
6479382.0,1.0,
6584072.0,4.0,3.0
6740082.0,4.0,2.0
7074382.0,3.0,3.0
7097802.0,4.0,0.0
7182022.0,4.0,0.0
7211262.0,4.0,
7348342.0,4.0,0.0
7397422.0,4.0,
7417492.0,4.0,
7544592.0,4.0,0.0
7765472.0,4.0,3.0
7899462.0,4.0,1.0
7926272.0,4.0,
8010492.0,4.0,1.0
8194092.0,4.0,
8406662.0,4.0,3.0
8470262.0,2.0,
8513432.0,4.0,
8661762.0,4.0,0.0
9044272.0,4.0,1.0
9079602.0,4.0,
9411542.0,4.0,3.0
9428922.0,4.0,
9853352.0,3.0,3.0
9868472.0,4.0,3.0
10181972.0,4.0,0.0
10234782.0,4.0,1.0
10451182.0,4.0,2.0
10476692.0,4.0,0.0
10644122.0,4.0,
10773912.0,4.0,1.0
10797732.0,4.0,0.0
10827952.0,4.0,0.0
10841872.0,3.0,0.0
10955832.0,5.0,
11039472.0,5.0,
11098712.0,5.0,
11198062.0,4.0,
11254832.0,4.0,1.0
11423162.0,1.0,
11522232.0,4.0,3.0
11623142.0,4.0,0.0
12021352.0,5.0,
12056712.0,4.0,
12332182.0,4.0,0.0
12545042.0,4.0,1.0
13059962.0,4.0,0.0
13165752.0,4.0,0.0
13309552.0,5.0,
13361832.0,3.0,2.0
13720722.0,4.0,0.0
13981312.0,4.0,
14030812.0,4.0,0.0
14058536.0,3.0,
14062421.0,4.0,
14124606.0,4.0,0.0
14170289.0,4.0,
14171950.0,4.0,
14194825.0,2.0,
14211227.0,4.0,0.0
14222204.0,4.0,
14240153.0,4.0,
14244184.0,4.0,
14256294.0,2.0,0.0
14272973.0,4.0,0.0
14296407.0,4.0,1.0
14297464.0,4.0,3.0
14304515.0,1.0,1.0
14336742.0,4.0,1.0
14343915.0,4.0,1.0
14348851.0,4.0,
14407946.0,4.0,2.0
14416921.0,4.0,1.0
14429994.0,4.0,1.0
14435859.0,4.0,
14457390.0,1.0,1.0
14536367.0,5.0,
14560910.0,4.0,
14563740.0,4.0,3.0
14592726.0,4.0,1.0
14614494.0,4.0,0.0
14682492.0,4.0,3.0
14703506.0,4.0,
14707806.0,4.0,
14715108.0,4.0,0.0
14826469.0,4.0,0.0
14849081.0,4.0,
14851038.0,4.0,0.0
14880410.0,,
14910028.0,1.0,1.0
14961098.0,4.0,0.0
15034178.0,2.0,3.0
15039098.0,5.0,
15076293.0,4.0,0.0
15099813.0,4.0,1.0
15143247.0,4.0,
15196943.0,4.0,
15201386.0,4.0,3.0
15221748.0,4.0,
15274196.0,4.0,3.0
15281952.0,4.0,0.0
15335474.0,4.0,
15369325.0,4.0,
15382034.0,4.0,0.0
15388148.0,4.0,3.0
15419131.0,4.0,3.0
15430827.0,4.0,3.0
15436890.0,4.0,3.0
15437696.0,4.0,1.0
15466017.0,4.0,
15494123.0,4.0,
15519857.0,4.0,1.0
15540235.0,4.0,
15549792.0,2.0,3.0
15570793.0,4.0,1.0
15594712.0,4.0,0.0
15606388.0,5.0,
15630060.0,4.0,
15655288.0,4.0,
15699296.0,4.0,
15703735.0,4.0,3.0
15707141.0,4.0,
15713534.0,4.0,1.0
15721421.0,2.0,3.0
15724536.0,4.0,0.0
15740626.0,1.0,
15765861.0,5.0,
15774274.0,5.0,
15810975.0,3.0,
15843090.0,5.0,
15851225.0,1.0,
15860422.0,4.0,0.0
15864167.0,4.0,
15868932.0,4.0,
15878709.0,4.0,
15879006.0,4.0,
15890907.0,4.0,3.0
15912799.0,4.0,0.0
15921865.0,4.0,
15925282.0,4.0,2.0
15929888.0,4.0,
15940745.0,5.0,
15966552.0,4.0,3.0
16005137.0,4.0,0.0
16027465.0,4.0,
16054727.0,1.0,3.0
16085494.0,4.0,0.0
16117972.0,4.0,2.0
16194971.0,2.0,0.0
16205123.0,5.0,
16239701.0,4.0,
16247779.0,4.0,0.0
16267925.0,4.0,3.0
16279572.0,4.0,0.0
16279836.0,4.0,0.0
16329047.0,4.0,0.0
16335411.0,2.0,3.0
16340534.0,4.0,0.0
16342196.0,4.0,3.0
16364718.0,5.0,
16380507.0,4.0,
16386234.0,2.0,3.0
16398423.0,4.0,3.0
16404395.0,4.0,
16438708.0,4.0,0.0
16456627.0,4.0,1.0
16531460.0,4.0,
16538871.0,4.0,
16540031.0,4.0,
16547438.0,4.0,
16548053.0,4.0,1.0
16549282.0,4.0,3.0
16586221.0,4.0,
16619331.0,4.0,0.0
16654326.0,4.0,
16687188.0,4.0,
16697755.0,4.0,1.0
16796041.0,4.0,0.0
16816596.0,4.0,0.0
16876834.0,4.0,0.0
16895618.0,4.0,3.0
16897580.0,4.0,
16904444.0,4.0,0.0
16947603.0,4.0,0.0
17004664.0,4.0,0.0
17027924.0,4.0,
17042416.0,4.0,3.0
17054905.0,4.0,
17079667.0,4.0,1.0
17129481.0,4.0,1.0
17145560.0,4.0,
17186530.0,4.0,
17215442.0,4.0,0.0
17240648.0,4.0,
17304440.0,5.0,
17312360.0,4.0,0.0
17316061.0,1.0,1.0
17326060.0,4.0,
17397335.0,4.0,1.0
17412436.0,4.0,0.0
17435961.0,4.0,
17447251.0,3.0,2.0
17481031.0,4.0,
17485328.0,,
17489208.0,4.0,2.0
17504709.0,4.0,0.0
17560160.0,2.0,3.0
17563678.0,4.0,3.0
17564169.0,1.0,1.0
17577377.0,4.0,0.0
17578771.0,4.0,
17587485.0,3.0,2.0
17638725.0,2.0,
17639688.0,1.0,1.0
17644976.0,5.0,
17721049.0,4.0,0.0
17724851.0,4.0,0.0
17745727.0,4.0,2.0
17752639.0,4.0,1.0
17756834.0,4.0,0.0
17776039.0,4.0,
17821435.0,2.0,
17916896.0,4.0,
17934976.0,4.0,0.0
17942510.0,4.0,
17956633.0,4.0,3.0
17970602.0,1.0,1.0
17998487.0,4.0,1.0
17998585.0,2.0,3.0
18011565.0,4.0,3.0
18037727.0,3.0,2.0
18089158.0,4.0,3.0
18109224.0,4.0,
18112020.0,4.0,3.0
18112871.0,4.0,0.0
18144320.0,4.0,3.0
18227956.0,4.0,0.0
18238844.0,1.0,1.0
18289203.0,4.0,
18310576.0,1.0,1.0
18313905.0,4.0,
18346407.0,4.0,1.0
18382072.0,4.0,3.0
18434747.0,4.0,0.0
18498215.0,4.0,0.0
18556300.0,3.0,2.0
18570701.0,4.0,3.0
18589647.0,4.0,
18591345.0,4.0,
18608662.0,4.0,0.0
18617888.0,4.0,
18623360.0,4.0,
18658220.0,4.0,0.0
18668572.0,4.0,
18693062.0,4.0,
18701876.0,4.0,
18705061.0,4.0,0.0
18727486.0,4.0,1.0
18760058.0,4.0,
18779480.0,4.0,0.0
18784606.0,4.0,0.0
18804924.0,4.0,
18850776.0,5.0,
18859657.0,5.0,
18888658.0,4.0,
19083393.0,4.0,3.0
19155976.0,4.0,0.0
19246122.0,2.0,3.0
19258278.0,1.0,
19295721.0,4.0,1.0
19305956.0,4.0,0.0
19310228.0,4.0,0.0
19314225.0,4.0,
19382449.0,4.0,0.0
19460089.0,4.0,0.0
19472429.0,4.0,0.0
19483680.0,4.0,
19506961.0,4.0,0.0
19566683.0,4.0,
19571556.0,4.0,0.0
19691215.0,4.0,3.0
19723491.0,4.0,3.0
19743660.0,4.0,
19882614.0,4.0,0.0
19889595.0,4.0,0.0
19957642.0,4.0,2.0
19993750.0,4.0,3.0
20029003.0,2.0,3.0
20046038.0,4.0,0.0
20080661.0,1.0,
20159293.0,4.0,1.0
20201869.0,2.0,3.0
20212455.0,4.0,3.0
20435835.0,4.0,0.0
20461419.0,4.0,0.0
20485089.0,4.0,
20487044.0,4.0,3.0
20488292.0,4.0,3.0
20619880.0,4.0,
20643153.0,4.0,
20656191.0,4.0,1.0
20679843.0,4.0,0.0
20751098.0,2.0,
20919434.0,4.0,
20954990.0,4.0,0.0
21008974.0,2.0,
21053422.0,4.0,
21123611.0,4.0,0.0
21148527.0,4.0,
21156014.0,1.0,
21182582.0,4.0,
21223300.0,4.0,
21375121.0,4.0,0.0
21425163.0,4.0,0.0
21445028.0,4.0,
21449479.0,4.0,3.0
21520456.0,4.0,
21554736.0,3.0,
21600996.0,5.0,
21616655.0,4.0,0.0
21620295.0,4.0,0.0
21626832.0,5.0,
21675274.0,4.0,
21682546.0,4.0,0.0
21686191.0,4.0,0.0
21707983.0,4.0,0.0
21740223.0,2.0,3.0
21747362.0,4.0,0.0
21796452.0,4.0,
21807454.0,1.0,1.0
21809300.0,4.0,
21812630.0,4.0,
21820044.0,4.0,3.0
21845736.0,4.0,0.0
21912195.0,4.0,3.0
21951647.0,4.0,0.0
21961636.0,4.0,
21993309.0,4.0,
22005168.0,4.0,3.0
22051109.0,2.0,3.0
22054026.0,4.0,0.0
22054906.0,4.0,3.0
22091581.0,4.0,0.0
22175620.0,4.0,
22192955.0,4.0,0.0
22220344.0,4.0,
22232870.0,4.0,0.0
22323533.0,4.0,0.0
22328300.0,4.0,3.0
22383791.0,4.0,3.0
22386019.0,4.0,1.0
22405577.0,4.0,1.0
22512818.0,4.0,0.0
22531770.0,4.0,
22538960.0,4.0,3.0
22587099.0,4.0,
22596076.0,4.0,0.0
22608233.0,4.0,1.0
22769611.0,1.0,1.0
22787410.0,1.0,
22795567.0,4.0,0.0
22826326.0,4.0,
22839475.0,2.0,3.0
22875015.0,4.0,0.0
22957679.0,4.0,3.0
23024198.0,4.0,
23075269.0,4.0,0.0
23077322.0,4.0,0.0
23104051.0,1.0,
23105081.0,2.0,3.0
23168247.0,4.0,0.0
23213874.0,4.0,
23217753.0,5.0,
23223898.0,4.0,
23224082.0,4.0,
23242546.0,4.0,0.0
23247502.0,4.0,0.0
23251048.0,4.0,0.0
23317208.0,4.0,0.0
23334389.0,4.0,0.0
23336089.0,4.0,3.0
23337497.0,4.0,3.0
23340658.0,1.0,1.0
23345225.0,4.0,1.0
23355835.0,2.0,3.0
23375001.0,4.0,
23406052.0,4.0,
23411176.0,4.0,
23443442.0,4.0,0.0
23517690.0,4.0,1.0
23521579.0,4.0,3.0
23522693.0,4.0,3.0
23543313.0,4.0,
23547198.0,4.0,
23553656.0,4.0,0.0
23591197.0,4.0,
23623869.0,4.0,3.0
23650180.0,4.0,
23665666.0,4.0,3.0
23670939.0,4.0,0.0
23673790.0,4.0,0.0
23744591.0,4.0,0.0
23772938.0,1.0,
23802785.0,4.0,3.0
23824143.0,4.0,0.0
23876749.0,4.0,1.0
23911725.0,4.0,3.0
23929712.0,4.0,3.0
24011546.0,4.0,0.0
24027594.0,4.0,0.0
24046872.0,4.0,0.0
24067153.0,4.0,3.0
24074553.0,4.0,
24095706.0,4.0,
24114057.0,4.0,1.0
24173893.0,1.0,
24209963.0,4.0,
24344261.0,4.0,0.0
24344461.0,4.0,0.0
24363231.0,4.0,0.0
24376324.0,4.0,
24406012.0,4.0,
24441171.0,4.0,
24463173.0,4.0,3.0
24470537.0,4.0,0.0
24476975.0,4.0,0.0
24522352.0,4.0,0.0
24568222.0,,
24569746.0,4.0,
24638858.0,2.0,3.0
24658460.0,4.0,
24739635.0,4.0,3.0
24793083.0,4.0,
24910681.0,4.0,3.0
24961327.0,4.0,0.0
24968815.0,5.0,
25011568.0,4.0,0.0
25031619.0,4.0,0.0
25049348.0,4.0,
25090998.0,1.0,1.0
25102592.0,4.0,0.0
25139243.0,4.0,0.0
25142445.0,4.0,
25169130.0,4.0,
25306377.0,4.0,
25327020.0,4.0,
25330884.0,4.0,3.0
25338134.0,4.0,
25343166.0,4.0,0.0
25397265.0,4.0,0.0
25486377.0,5.0,
25504874.0,4.0,0.0
25505266.0,4.0,0.0
25518267.0,4.0,0.0
25561815.0,4.0,1.0
25602626.0,4.0,1.0
25615072.0,4.0,0.0
25685740.0,4.0,0.0
25807866.0,4.0,1.0
25862924.0,4.0,0.0
25920698.0,1.0,1.0
26025526.0,4.0,0.0
26030462.0,4.0,3.0
26032633.0,1.0,
26051041.0,4.0,
26077444.0,4.0,3.0
26091325.0,4.0,0.0
26100448.0,5.0,
26108207.0,4.0,0.0
26120516.0,4.0,1.0
26145835.0,4.0,3.0
26274866.0,4.0,3.0
26277872.0,4.0,0.0
26288984.0,4.0,0.0
26307953.0,4.0,
26328096.0,4.0,0.0
26526284.0,4.0,
26565850.0,4.0,
26605317.0,4.0,0.0
26626778.0,4.0,2.0
26672119.0,4.0,
26697363.0,2.0,
26750616.0,4.0,
26773418.0,4.0,2.0
26861679.0,1.0,3.0
26864286.0,4.0,
26934762.0,4.0,3.0
26936084.0,3.0,0.0
27003232.0,1.0,1.0
27112840.0,4.0,0.0
27155420.0,1.0,1.0
27167575.0,4.0,
27198592.0,4.0,
27254725.0,4.0,
27260554.0,4.0,1.0
27310424.0,4.0,0.0
27371913.0,4.0,0.0
27519133.0,4.0,
27540864.0,1.0,1.0
27542169.0,4.0,3.0
27569444.0,4.0,
27619987.0,1.0,1.0
27633619.0,4.0,3.0
27640903.0,4.0,0.0
27646610.0,4.0,0.0
27694069.0,4.0,0.0
27761720.0,4.0,0.0
27813723.0,4.0,0.0
27891060.0,5.0,
27918862.0,4.0,0.0
27956258.0,4.0,
27984791.0,4.0,1.0
27996959.0,4.0,1.0
28013067.0,4.0,0.0
28034370.0,4.0,3.0
28152959.0,4.0,3.0
28157799.0,4.0,
28158744.0,1.0,1.0
28170925.0,4.0,
28190854.0,4.0,3.0
28223191.0,4.0,0.0
28249793.0,4.0,
28260118.0,4.0,
28270328.0,4.0,3.0
28333766.0,4.0,
28346145.0,4.0,1.0
28409935.0,1.0,1.0
28445180.0,5.0,
28531270.0,4.0,1.0
28572975.0,2.0,
28610967.0,4.0,0.0
28614025.0,4.0,0.0
28642488.0,4.0,2.0
28688420.0,4.0,0.0
28709809.0,4.0,0.0
28717534.0,4.0,1.0
28741336.0,4.0,
28918252.0,4.0,0.0
28922122.0,1.0,1.0
28928735.0,4.0,0.0
28990122.0,4.0,
29068634.0,3.0,
29105100.0,4.0,0.0
29127610.0,4.0,0.0
29132948.0,4.0,3.0
29142475.0,1.0,1.0
29176540.0,4.0,1.0
29283906.0,4.0,0.0
29345746.0,4.0,3.0
29363402.0,2.0,
29366431.0,4.0,
29410371.0,4.0,
29478618.0,4.0,3.0
29479002.0,4.0,
29506510.0,4.0,0.0
29579036.0,4.0,
29584756.0,4.0,2.0
29607309.0,4.0,0.0
29610866.0,4.0,0.0
29830066.0,4.0,
29836145.0,4.0,
29859592.0,4.0,0.0
29871516.0,4.0,0.0
29885625.0,4.0,0.0
29907971.0,1.0,1.0
29965907.0,4.0,0.0
30013968.0,4.0,1.0
30017722.0,4.0,0.0
30098713.0,4.0,
30134334.0,4.0,0.0
30227100.0,4.0,0.0
30247831.0,2.0,0.0
30314509.0,4.0,
30349960.0,4.0,
30398664.0,1.0,
30469473.0,5.0,
30500943.0,4.0,0.0
30560989.0,4.0,
30574904.0,,
30612357.0,1.0,
30679196.0,4.0,
30712159.0,4.0,
30729030.0,1.0,1.0
30763639.0,4.0,0.0
30767096.0,4.0,3.0
30820485.0,4.0,0.0
30920164.0,4.0,0.0
30933884.0,4.0,0.0
30948196.0,1.0,
30997364.0,4.0,
31061641.0,1.0,1.0
31071868.0,4.0,
31220313.0,4.0,1.0
31328365.0,4.0,0.0
31349248.0,3.0,
31455575.0,4.0,
31484282.0,4.0,0.0
31538773.0,4.0,1.0
31592650.0,4.0,0.0
31639656.0,1.0,1.0
31836615.0,4.0,3.0
31879215.0,4.0,
31893543.0,4.0,0.0
31905992.0,4.0,0.0
32242890.0,4.0,0.0
32245274.0,4.0,0.0
32272015.0,4.0,0.0
32313316.0,3.0,3.0
32342259.0,4.0,2.0
32425125.0,4.0,
32454454.0,1.0,1.0
32474421.0,4.0,0.0
32549836.0,4.0,
32596943.0,4.0,0.0
32623738.0,4.0,
32694145.0,4.0,0.0
32798125.0,4.0,
32820611.0,4.0,
32824589.0,1.0,1.0
32884430.0,4.0,0.0
32893188.0,4.0,0.0
32935113.0,4.0,2.0
32953389.0,4.0,1.0
33105358.0,4.0,0.0
33125629.0,4.0,3.0
33130809.0,4.0,
33155723.0,4.0,
33161856.0,4.0,3.0
33192306.0,4.0,1.0
33354054.0,1.0,1.0
33391247.0,4.0,0.0
33524930.0,4.0,0.0
33540809.0,1.0,1.0
33563474.0,1.0,
33578638.0,2.0,0.0
33685656.0,4.0,0.0
33714970.0,4.0,0.0
33739610.0,4.0,0.0
33761943.0,3.0,3.0
33906712.0,4.0,
33909222.0,4.0,0.0
33913938.0,4.0,0.0
33914461.0,4.0,0.0
33939213.0,4.0,
33939485.0,4.0,0.0
33960377.0,4.0,
34010194.0,4.0,0.0
34338754.0,4.0,
34382104.0,4.0,0.0
34414118.0,5.0,
34426275.0,4.0,0.0
34465025.0,4.0,0.0
34601815.0,4.0,
34629915.0,4.0,
34685031.0,4.0,0.0
34758697.0,4.0,
34784999.0,1.0,
34803187.0,4.0,0.0
34838732.0,4.0,0.0
34847816.0,4.0,
34875507.0,1.0,1.0
35104511.0,4.0,
35125215.0,4.0,
35168791.0,4.0,
35170490.0,3.0,3.0
35208039.0,4.0,0.0
35236490.0,4.0,3.0
35345021.0,2.0,3.0
35363840.0,4.0,0.0
35418752.0,4.0,
35513134.0,4.0,0.0
35573266.0,3.0,2.0
35634690.0,4.0,0.0
35783146.0,2.0,
35850131.0,4.0,
35865914.0,5.0,
35896583.0,1.0,1.0
35953675.0,4.0,3.0
35982670.0,1.0,1.0
35987884.0,4.0,0.0
36014018.0,4.0,
36140130.0,4.0,3.0
36144546.0,4.0,1.0
36163192.0,4.0,
36200624.0,4.0,
36219521.0,4.0,0.0
36256699.0,4.0,
36397306.0,4.0,0.0
36454358.0,4.0,1.0
36467393.0,4.0,0.0
36509410.0,4.0,
36573122.0,4.0,0.0
36638376.0,4.0,
36696995.0,4.0,0.0
36697124.0,4.0,0.0
36809834.0,4.0,
36837065.0,4.0,3.0
36935456.0,4.0,0.0
37063566.0,4.0,0.0
37071176.0,4.0,
37124344.0,4.0,0.0
37239797.0,4.0,
37424091.0,4.0,1.0
37512058.0,4.0,0.0
37586999.0,4.0,
37655587.0,4.0,1.0
37789184.0,4.0,2.0
37796711.0,4.0,3.0
37830882.0,1.0,
38223643.0,4.0,1.0
38297701.0,1.0,1.0
38389185.0,4.0,
38506527.0,4.0,1.0
38515972.0,4.0,3.0
38563585.0,4.0,3.0
38652986.0,1.0,1.0
38663278.0,4.0,0.0
38997203.0,4.0,
39029247.0,4.0,
39172835.0,4.0,
39292516.0,4.0,0.0
39439242.0,1.0,
39469866.0,4.0,
39931019.0,4.0,3.0
39987337.0,1.0,1.0
39990623.0,4.0,1.0
40005291.0,2.0,
40035909.0,4.0,0.0
40161926.0,4.0,0.0
40171437.0,4.0,0.0
40173607.0,4.0,3.0
40182941.0,4.0,3.0
40292695.0,4.0,0.0
40295317.0,4.0,
40434496.0,,
40510644.0,4.0,0.0
40561960.0,4.0,
40609160.0,4.0,0.0
40794108.0,4.0,0.0
40832166.0,4.0,0.0
40957711.0,4.0,0.0
40962780.0,4.0,0.0
40975488.0,5.0,
40995527.0,4.0,3.0
41099251.0,4.0,0.0
41248098.0,4.0,
41257329.0,4.0,3.0
41305291.0,4.0,
41354761.0,3.0,3.0
41456869.0,4.0,
41462009.0,4.0,
41525714.0,4.0,0.0
41628383.0,4.0,0.0
41636299.0,4.0,0.0
41645088.0,4.0,3.0
41711631.0,4.0,
41729544.0,1.0,
41735877.0,4.0,
41855514.0,4.0,0.0
42039963.0,4.0,0.0
42102606.0,4.0,
42251312.0,4.0,0.0
42295510.0,4.0,3.0
42365904.0,4.0,0.0
42490893.0,4.0,1.0
42506129.0,4.0,0.0
42506370.0,4.0,3.0
42545304.0,4.0,0.0
42553663.0,4.0,
42703067.0,4.0,
42738076.0,4.0,
42763055.0,1.0,1.0
42772644.0,4.0,0.0
42802175.0,4.0,0.0
42812812.0,5.0,
42856435.0,4.0,
42934146.0,4.0,
42986220.0,4.0,0.0
42992186.0,4.0,0.0
43000103.0,4.0,0.0
43014623.0,4.0,3.0
43020875.0,4.0,3.0
43087457.0,4.0,
43176795.0,4.0,0.0
43180318.0,5.0,
43254420.0,4.0,3.0
43269917.0,4.0,1.0
43364802.0,2.0,
43430160.0,4.0,0.0
43454147.0,4.0,
43454966.0,4.0,
43569052.0,4.0,
43697254.0,4.0,3.0
43703913.0,1.0,0.0
43930655.0,4.0,0.0
44065128.0,1.0,1.0
44152437.0,1.0,1.0
44191726.0,2.0,
44274434.0,4.0,3.0
44279924.0,4.0,
44321736.0,4.0,
44491943.0,1.0,1.0
44608337.0,4.0,
44653967.0,4.0,0.0
44749853.0,4.0,0.0
44851386.0,4.0,1.0
44867013.0,4.0,0.0
44978811.0,2.0,3.0
45048965.0,4.0,0.0
45087251.0,4.0,3.0
45154795.0,4.0,
45175775.0,4.0,1.0
45479392.0,2.0,
45515543.0,4.0,1.0
45568773.0,4.0,1.0
45616566.0,,
45680140.0,5.0,
45755798.0,4.0,
45889756.0,1.0,
46183397.0,4.0,
46262783.0,4.0,3.0
46566338.0,4.0,0.0
46613999.0,1.0,1.0
46701935.0,2.0,
46776409.0,4.0,0.0
46939915.0,4.0,0.0
47163502.0,4.0,0.0
47165038.0,4.0,1.0
47189902.0,4.0,0.0
47253507.0,4.0,0.0
47256718.0,4.0,3.0
47379451.0,4.0,
47387465.0,4.0,
47443843.0,4.0,0.0
47524882.0,4.0,
47608808.0,4.0,0.0
47687582.0,4.0,
47730142.0,4.0,3.0
47785185.0,4.0,3.0
47805707.0,4.0,3.0
47939756.0,4.0,
48147752.0,,
48222687.0,4.0,3.0
48308711.0,4.0,0.0
48398662.0,4.0,0.0
48547884.0,4.0,
48639523.0,4.0,0.0
48898594.0,4.0,2.0
49137142.0,4.0,0.0
49168103.0,4.0,1.0
49237943.0,4.0,
49454625.0,3.0,2.0
49542532.0,4.0,
49752297.0,4.0,3.0
49824599.0,4.0,
49862659.0,4.0,3.0
50179125.0,4.0,0.0
50215823.0,4.0,0.0
50251845.0,4.0,
50280048.0,,
50488430.0,4.0,0.0
50833514.0,4.0,
51054989.0,4.0,0.0
51203406.0,4.0,0.0
51205938.0,4.0,0.0
51244561.0,1.0,1.0
51420078.0,4.0,3.0
51480688.0,1.0,1.0
51515404.0,4.0,0.0
51533650.0,1.0,1.0
51548400.0,4.0,1.0
51572885.0,4.0,
51644706.0,1.0,1.0
51779335.0,4.0,3.0
51878780.0,4.0,
51881296.0,2.0,
51913984.0,1.0,1.0
52057534.0,4.0,0.0
52232061.0,4.0,0.0
52286180.0,3.0,3.0
52311538.0,1.0,1.0
52591709.0,1.0,
52763277.0,4.0,0.0
52928272.0,4.0,3.0
53179626.0,4.0,
53259694.0,1.0,
53283576.0,4.0,
53423776.0,4.0,0.0
53495555.0,4.0,0.0
53757127.0,1.0,
53766256.0,4.0,3.0
53945656.0,4.0,0.0
54110485.0,4.0,1.0
54603287.0,3.0,3.0
54686942.0,4.0,1.0
54701103.0,4.0,
54722700.0,4.0,
55010146.0,3.0,2.0
55356990.0,4.0,0.0
55608667.0,4.0,0.0
55640943.0,4.0,0.0
55891221.0,4.0,
55977340.0,4.0,0.0
56048947.0,4.0,
56167825.0,4.0,
56179623.0,4.0,1.0
56320740.0,5.0,
56409657.0,4.0,
56428877.0,1.0,1.0
56528234.0,4.0,1.0
56548950.0,4.0,0.0
56686273.0,4.0,0.0
56819049.0,3.0,
57450391.0,2.0,
57597475.0,4.0,
57746727.0,1.0,1.0
57877128.0,4.0,1.0
58008015.0,4.0,
58113148.0,1.0,1.0
58159871.0,4.0,0.0
58219308.0,1.0,1.0
58305233.0,4.0,0.0
58565444.0,4.0,
58608740.0,4.0,
58733362.0,5.0,
58904749.0,4.0,
59030235.0,4.0,3.0
59045313.0,4.0,
59791160.0,4.0,
60056593.0,4.0,
60119550.0,4.0,3.0
60149360.0,4.0,0.0
60445040.0,4.0,0.0
60642064.0,4.0,3.0
60946144.0,1.0,1.0
61360050.0,4.0,
61372244.0,4.0,0.0
61654870.0,4.0,1.0
61663024.0,4.0,
61668553.0,4.0,
61681020.0,4.0,1.0
61786333.0,4.0,0.0
62062507.0,5.0,
62126010.0,4.0,
62423992.0,4.0,1.0
62668766.0,4.0,3.0
62709602.0,4.0,
62713503.0,4.0,
62990956.0,4.0,
63010830.0,4.0,1.0
63334547.0,4.0,0.0
63354277.0,4.0,
63375358.0,1.0,
64007404.0,4.0,3.0
64057356.0,4.0,0.0
64087986.0,4.0,
64253903.0,4.0,0.0
64298629.0,4.0,0.0
64317799.0,1.0,1.0
64767254.0,4.0,0.0
64814884.0,4.0,0.0
65077900.0,4.0,
65166147.0,4.0,
65253993.0,4.0,0.0
65418191.0,4.0,0.0
65802548.0,4.0,
65937383.0,4.0,0.0
65961413.0,2.0,
65962574.0,4.0,3.0
65974777.0,1.0,1.0
66441787.0,4.0,0.0
66450864.0,4.0,3.0
66501057.0,1.0,1.0
66532172.0,4.0,1.0
66565691.0,1.0,1.0
66884741.0,4.0,
66986565.0,4.0,0.0
67163915.0,4.0,0.0
67190337.0,5.0,
67428233.0,4.0,
67433433.0,1.0,1.0
67446996.0,1.0,
67493813.0,5.0,
67685363.0,4.0,0.0
67750486.0,4.0,
67770025.0,1.0,1.0
67780480.0,4.0,
67804341.0,5.0,
67811119.0,4.0,3.0
67830958.0,2.0,3.0
67901623.0,4.0,0.0
68014631.0,4.0,
68018911.0,4.0,0.0
68070807.0,3.0,2.0
68150274.0,4.0,0.0
68526592.0,4.0,
68903271.0,1.0,
68904928.0,4.0,
68923284.0,4.0,0.0
69085215.0,4.0,0.0
69129369.0,4.0,
69142864.0,4.0,0.0
69404220.0,4.0,0.0
69639907.0,4.0,
69642227.0,4.0,1.0
69938164.0,4.0,
70020271.0,4.0,0.0
70138080.0,4.0,0.0
70170876.0,4.0,
70239709.0,4.0,0.0
70265196.0,4.0,0.0
70517435.0,4.0,1.0
70641718.0,4.0,
70869342.0,4.0,
71162391.0,4.0,
71507676.0,4.0,
71723098.0,4.0,
72093592.0,,
72408746.0,1.0,
72683222.0,2.0,1.0
72693417.0,1.0,1.0
73205164.0,1.0,
73232250.0,4.0,0.0
73253214.0,4.0,0.0
73261079.0,1.0,1.0
73283518.0,4.0,
73307410.0,3.0,3.0
73498586.0,1.0,
73513591.0,1.0,1.0
73543185.0,4.0,
73559234.0,3.0,3.0
73684316.0,,
73694228.0,3.0,2.0
73703405.0,4.0,0.0
73720914.0,4.0,0.0
73736964.0,1.0,1.0
73881400.0,4.0,
73972269.0,1.0,1.0
74016569.0,4.0,0.0
74148207.0,4.0,
74361846.0,4.0,
74597892.0,2.0,0.0
74819044.0,4.0,
74823468.0,1.0,
75185108.0,4.0,1.0
75382761.0,4.0,
75457899.0,5.0,
75458059.0,4.0,3.0
75704004.0,4.0,0.0
75911740.0,4.0,
76076958.0,4.0,1.0
76231594.0,4.0,0.0
76234324.0,4.0,1.0
76327781.0,4.0,
76638230.0,4.0,
76848451.0,5.0,
77126683.0,1.0,1.0
77284974.0,4.0,
77323350.0,4.0,3.0
77387104.0,4.0,
77493034.0,4.0,2.0
77570434.0,4.0,3.0
77594381.0,4.0,0.0
77594970.0,4.0,3.0
77674358.0,4.0,1.0
77875782.0,4.0,0.0
77968866.0,4.0,
78170242.0,4.0,3.0
78365468.0,4.0,
78394144.0,4.0,0.0
78761632.0,4.0,3.0
78774879.0,4.0,
78789558.0,3.0,
79018480.0,4.0,2.0
79204377.0,4.0,
79215153.0,4.0,1.0
79290701.0,4.0,1.0
79719002.0,4.0,1.0
80342641.0,1.0,1.0
80602838.0,4.0,0.0
80640732.0,4.0,0.0
80841626.0,4.0,0.0
80914459.0,4.0,
80957658.0,4.0,
81181474.0,4.0,3.0
81395899.0,1.0,3.0
81455584.0,4.0,
81602912.0,4.0,0.0
81946585.0,5.0,
82147957.0,4.0,1.0
82182729.0,4.0,0.0
82187706.0,4.0,0.0
82273425.0,4.0,0.0
82290403.0,4.0,
82359573.0,4.0,
82363745.0,5.0,
82504828.0,4.0,
82780174.0,4.0,1.0
83103682.0,3.0,
83398593.0,4.0,0.0
83399005.0,4.0,
84001457.0,5.0,
84100749.0,4.0,0.0
84155323.0,4.0,3.0
84164465.0,4.0,
84536033.0,4.0,3.0
84667398.0,4.0,
84940905.0,1.0,1.0
85564222.0,4.0,0.0
86187517.0,4.0,
86512669.0,4.0,0.0
86560527.0,4.0,
86570726.0,4.0,
86648893.0,4.0,
86791419.0,3.0,
86865651.0,4.0,2.0
87033875.0,4.0,0.0
87463442.0,4.0,1.0
87490092.0,2.0,3.0
87495770.0,1.0,1.0
87577836.0,4.0,
87752958.0,4.0,0.0
88347876.0,4.0,
88590798.0,1.0,1.0
88832928.0,4.0,
88844819.0,4.0,
89066994.0,2.0,
89080686.0,1.0,
89362464.0,4.0,0.0
89400803.0,4.0,0.0
89493940.0,4.0,
89586377.0,4.0,
89637046.0,4.0,
89834371.0,4.0,0.0
90223445.0,2.0,
90269283.0,4.0,3.0
90280088.0,4.0,
90289912.0,1.0,1.0
90659577.0,5.0,
90752658.0,4.0,0.0
90994852.0,3.0,
91150558.0,4.0,3.0
91254681.0,4.0,
91500642.0,4.0,
91966203.0,1.0,1.0
92176855.0,1.0,
92435171.0,4.0,
92585536.0,3.0,
92809357.0,2.0,
92828814.0,4.0,0.0
93044940.0,2.0,
93113757.0,1.0,1.0
93200746.0,4.0,3.0
93202822.0,5.0,
93536865.0,4.0,3.0
93550545.0,3.0,2.0
93710676.0,4.0,0.0
93719000.0,4.0,
93986847.0,,
94438932.0,1.0,1.0
94493245.0,4.0,3.0
94588044.0,4.0,3.0
94728816.0,4.0,0.0
94858206.0,4.0,
95252900.0,4.0,
95299054.0,4.0,
95360868.0,4.0,3.0
95491031.0,,
95685368.0,4.0,
95972821.0,2.0,3.0
96573740.0,4.0,0.0
97277578.0,,
97293439.0,4.0,
97559891.0,4.0,
97734004.0,4.0,3.0
98939678.0,4.0,3.0
98987041.0,4.0,3.0
99024118.0,4.0,0.0
99024553.0,2.0,0.0
99025827.0,4.0,
99801455.0,4.0,
99909169.0,4.0,
100277574.0,4.0,
100365352.0,4.0,0.0
100373646.0,4.0,0.0
100714925.0,5.0,
100905121.0,4.0,0.0
101635595.0,2.0,3.0
101665807.0,2.0,3.0
102448444.0,4.0,0.0
102835408.0,4.0,
102864502.0,4.0,3.0
102872465.0,4.0,
103453644.0,4.0,
103570925.0,2.0,
104729015.0,4.0,
104876205.0,4.0,0.0
104915685.0,1.0,
104921135.0,4.0,2.0
104958557.0,4.0,0.0
104967791.0,4.0,3.0
105040826.0,4.0,
105364649.0,4.0,
105625400.0,4.0,3.0
105646121.0,4.0,
105867449.0,4.0,
105934455.0,4.0,
105943504.0,4.0,1.0
106269404.0,4.0,0.0
106513666.0,4.0,0.0
107031829.0,3.0,0.0
107291949.0,2.0,
107597358.0,4.0,2.0
107836666.0,4.0,
108166052.0,1.0,1.0
108442756.0,4.0,
108553168.0,4.0,0.0
108722041.0,1.0,1.0
108736461.0,4.0,
108855018.0,4.0,0.0
109035228.0,4.0,0.0
109135702.0,4.0,1.0
109141099.0,4.0,0.0
109148067.0,4.0,2.0
109376623.0,4.0,1.0
109406812.0,4.0,0.0
109457750.0,4.0,3.0
109617442.0,4.0,3.0
109930518.0,4.0,
110321152.0,2.0,
110514510.0,4.0,
110526247.0,4.0,
110695018.0,4.0,1.0
110869572.0,5.0,
111056909.0,3.0,
111412057.0,4.0,3.0
111515709.0,4.0,0.0
111626535.0,4.0,
112034770.0,1.0,1.0
112319854.0,1.0,1.0
112531904.0,4.0,0.0
112626917.0,1.0,
112892432.0,4.0,0.0
112911677.0,1.0,1.0
113082181.0,4.0,3.0
113093901.0,4.0,3.0
113559791.0,4.0,
113757853.0,4.0,0.0
113993356.0,4.0,0.0
114019584.0,5.0,
114272678.0,1.0,
114404673.0,4.0,
114970302.0,2.0,
115360002.0,4.0,
115433242.0,4.0,2.0
116037845.0,4.0,3.0
116493225.0,4.0,0.0
117332477.0,4.0,
117787715.0,4.0,
117795400.0,4.0,
117912833.0,5.0,
118156180.0,4.0,
118531641.0,1.0,1.0
118738723.0,4.0,
118872440.0,4.0,1.0
118944861.0,4.0,
119174334.0,4.0,3.0
119295515.0,1.0,1.0
119614587.0,1.0,
120839897.0,4.0,
121295917.0,4.0,3.0
121340181.0,4.0,
121656518.0,4.0,0.0
121844359.0,2.0,
122567099.0,4.0,3.0
122830450.0,2.0,3.0
123027374.0,1.0,
123395194.0,4.0,
123915091.0,4.0,0.0
124002365.0,4.0,
124236002.0,1.0,
124241281.0,2.0,
124616387.0,4.0,0.0
124714713.0,3.0,
125120336.0,4.0,0.0
125505919.0,1.0,1.0
125811408.0,4.0,
125852275.0,4.0,0.0
125860658.0,4.0,
126009360.0,4.0,0.0
126105914.0,1.0,
126187405.0,4.0,1.0
126255536.0,4.0,
127375128.0,4.0,
127620452.0,1.0,1.0
128247620.0,4.0,3.0
128602486.0,4.0,3.0
128637180.0,4.0,1.0
128745116.0,4.0,0.0
129078125.0,5.0,
129136211.0,5.0,
129278916.0,4.0,0.0
129520050.0,4.0,1.0
130016130.0,4.0,0.0
130074825.0,4.0,
130339929.0,4.0,0.0
130350369.0,4.0,
130607286.0,4.0,0.0
130642670.0,1.0,
130803056.0,3.0,
131088528.0,4.0,
131090219.0,4.0,1.0
131302634.0,4.0,1.0
131514108.0,4.0,0.0
131747914.0,2.0,3.0
132239282.0,4.0,
132256020.0,4.0,1.0
132567655.0,4.0,
132669926.0,4.0,
132738666.0,4.0,3.0
132971197.0,4.0,1.0
133009895.0,4.0,
133036816.0,4.0,0.0
133818632.0,4.0,1.0
133954977.0,4.0,0.0
134247769.0,4.0,0.0
134343049.0,4.0,3.0
134630078.0,3.0,2.0
135319479.0,4.0,
135655082.0,1.0,
135780119.0,4.0,3.0
135928020.0,4.0,0.0
136076540.0,4.0,
136154566.0,4.0,
136781019.0,4.0,3.0
137661868.0,2.0,3.0
137899163.0,5.0,
138485279.0,4.0,1.0
138510436.0,4.0,
138518909.0,4.0,0.0
138670647.0,4.0,
138691514.0,1.0,1.0
138808406.0,4.0,
139087965.0,1.0,1.0
139219473.0,1.0,1.0
139277276.0,4.0,
139532149.0,1.0,1.0
139847757.0,4.0,
140067374.0,4.0,
140438543.0,4.0,3.0
141774315.0,4.0,
141794099.0,4.0,0.0
142081179.0,2.0,1.0
142864132.0,4.0,1.0
143408141.0,4.0,1.0
144224613.0,4.0,3.0
144605875.0,5.0,
144746392.0,3.0,3.0
145328224.0,2.0,0.0
147088695.0,4.0,
147982117.0,4.0,1.0
148151249.0,4.0,
148202791.0,4.0,1.0
148218734.0,1.0,1.0
148319560.0,4.0,
148560696.0,1.0,
148561554.0,4.0,3.0
148564357.0,4.0,3.0
148916926.0,4.0,
149016985.0,5.0,
149515376.0,4.0,2.0
150047469.0,4.0,2.0
150264823.0,4.0,3.0
150492713.0,3.0,2.0
150775931.0,4.0,
151267503.0,4.0,
151612183.0,2.0,3.0
152003864.0,4.0,
152736052.0,4.0,0.0
153494612.0,1.0,1.0
153595733.0,5.0,
153677638.0,4.0,
154249346.0,4.0,3.0
154343441.0,3.0,
155063896.0,4.0,3.0
155092993.0,4.0,3.0
155404660.0,4.0,
155475471.0,4.0,
155762769.0,4.0,0.0
155825751.0,4.0,1.0
156328651.0,4.0,1.0
156734366.0,4.0,
156792261.0,4.0,
157463142.0,4.0,
157531399.0,4.0,0.0
157571162.0,5.0,
157856554.0,4.0,1.0
157894550.0,4.0,
158122548.0,4.0,
158649769.0,4.0,
158744995.0,4.0,0.0
159210787.0,4.0,
159566350.0,4.0,
159718243.0,4.0,0.0
159860167.0,4.0,0.0
159957735.0,1.0,
159970570.0,4.0,2.0
160006479.0,2.0,
160431379.0,4.0,0.0
160552464.0,4.0,0.0
160668798.0,4.0,3.0
160757217.0,4.0,2.0
161071454.0,3.0,
161209632.0,1.0,
161335500.0,2.0,3.0
161537579.0,4.0,
161550638.0,4.0,1.0
161711324.0,4.0,
161836191.0,4.0,0.0
162038218.0,3.0,
162200000.0,4.0,3.0
162752051.0,4.0,2.0
163198747.0,4.0,1.0
163292084.0,4.0,
163704428.0,5.0,
164082615.0,4.0,1.0
164195449.0,4.0,
164572579.0,4.0,3.0
164671252.0,4.0,0.0
164995621.0,4.0,1.0
165002623.0,4.0,
165212719.0,1.0,1.0
165271837.0,4.0,
165429775.0,4.0,
165508263.0,4.0,0.0
166452885.0,4.0,2.0
166458893.0,4.0,0.0
167277255.0,1.0,
167669892.0,4.0,
167883671.0,4.0,3.0
168172128.0,4.0,0.0
169162973.0,4.0,3.0
169343445.0,4.0,0.0
170105161.0,4.0,1.0
171297954.0,4.0,1.0
171624697.0,2.0,3.0
171777439.0,4.0,
172154757.0,5.0,
172171867.0,1.0,
172481678.0,4.0,3.0
172644834.0,4.0,3.0
173302630.0,4.0,0.0
173412135.0,4.0,3.0
173554412.0,4.0,2.0
173625022.0,4.0,1.0
173977689.0,4.0,
174008576.0,1.0,1.0
174367426.0,4.0,2.0
174640334.0,3.0,3.0
174681094.0,4.0,0.0
174726742.0,4.0,0.0
174916736.0,4.0,1.0
175220161.0,4.0,0.0
175406218.0,4.0,
175424117.0,2.0,0.0
175628330.0,4.0,3.0
176557817.0,4.0,3.0
176584827.0,3.0,2.0
176634323.0,4.0,0.0
176998914.0,4.0,
177029802.0,3.0,
177354372.0,4.0,
178785257.0,2.0,
178883436.0,4.0,0.0
179399337.0,4.0,0.0
179495582.0,4.0,
179934400.0,4.0,
180554028.0,4.0,
181246119.0,1.0,1.0
181272725.0,1.0,
182215996.0,4.0,1.0
182910150.0,4.0,
183403133.0,4.0,
183632264.0,4.0,0.0
183643026.0,1.0,1.0
183869227.0,4.0,
185187745.0,4.0,3.0
185214663.0,4.0,0.0
185359397.0,4.0,3.0
185396797.0,4.0,
185638332.0,4.0,
185872686.0,4.0,1.0
186271891.0,4.0,1.0
186552155.0,4.0,
187292009.0,4.0,3.0
187772818.0,2.0,3.0
188035831.0,4.0,0.0
188059985.0,4.0,2.0
188354347.0,4.0,0.0
188869064.0,1.0,1.0
189396646.0,4.0,
189715498.0,4.0,
189814213.0,4.0,0.0
189897948.0,4.0,1.0
189947393.0,4.0,
189968415.0,4.0,3.0
189978853.0,4.0,3.0
190750661.0,4.0,
190776123.0,4.0,1.0
190864491.0,4.0,0.0
191853113.0,4.0,
191876585.0,4.0,
192023444.0,3.0,3.0
192361028.0,4.0,
192363167.0,4.0,
192380238.0,4.0,
193059505.0,4.0,0.0
193149989.0,5.0,
193176772.0,3.0,
193464274.0,4.0,0.0
193488444.0,5.0,
193719000.0,4.0,
193749809.0,4.0,0.0
194394101.0,1.0,1.0
195235146.0,4.0,0.0
195429343.0,4.0,1.0
195431327.0,4.0,0.0
196384710.0,4.0,0.0
196390131.0,4.0,1.0
196791586.0,4.0,3.0
196867688.0,4.0,
197155165.0,4.0,0.0
197641133.0,4.0,
198142448.0,4.0,0.0
198621450.0,4.0,
199058640.0,4.0,0.0
199622102.0,4.0,
199867999.0,4.0,
200271529.0,4.0,0.0
201037807.0,1.0,1.0
201130894.0,4.0,0.0
201464761.0,4.0,
202359122.0,4.0,0.0
202852738.0,4.0,0.0
202929631.0,2.0,
203160395.0,4.0,
203426938.0,4.0,0.0
203593004.0,2.0,
203598484.0,1.0,
204449664.0,4.0,
205042068.0,4.0,0.0
205587937.0,4.0,
205833553.0,4.0,1.0
206636966.0,4.0,
207164630.0,4.0,
207226664.0,2.0,3.0
207415695.0,2.0,3.0
208185508.0,4.0,3.0
208565610.0,4.0,
208823252.0,4.0,0.0
209310709.0,4.0,0.0
209783736.0,4.0,0.0
210434332.0,4.0,
210811982.0,1.0,3.0
210944144.0,4.0,
211402106.0,4.0,
211684441.0,3.0,0.0
211760837.0,4.0,
211911239.0,4.0,
212271663.0,4.0,0.0
213195756.0,4.0,0.0
213542763.0,4.0,
214257759.0,4.0,0.0
214283657.0,5.0,
214356593.0,4.0,0.0
214961049.0,4.0,0.0
216078878.0,4.0,
216924580.0,4.0,0.0
217366210.0,2.0,
218145119.0,4.0,0.0
218329062.0,4.0,
218940112.0,4.0,3.0
219138283.0,4.0,3.0
219204344.0,4.0,
219855148.0,4.0,
219893308.0,3.0,3.0
220223369.0,4.0,3.0
220713223.0,1.0,1.0
221016983.0,4.0,0.0
221246474.0,4.0,0.0
221264179.0,4.0,0.0
221415923.0,4.0,0.0
221521353.0,4.0,0.0
221600469.0,1.0,1.0
221864061.0,4.0,0.0
222180028.0,4.0,0.0
222188599.0,4.0,1.0
222264347.0,4.0,
222886324.0,4.0,1.0
222953336.0,4.0,
222972716.0,4.0,0.0
223698800.0,4.0,0.0
224106706.0,4.0,3.0
225638402.0,4.0,3.0
225861427.0,1.0,1.0
225891628.0,4.0,
226282163.0,4.0,
227561235.0,4.0,
227693052.0,4.0,0.0
228247078.0,4.0,
228675518.0,1.0,
229661595.0,4.0,1.0
230373913.0,4.0,
231043601.0,4.0,0.0
231472735.0,4.0,0.0
231664282.0,4.0,0.0
232330276.0,4.0,0.0
232748467.0,1.0,1.0
233092315.0,4.0,1.0
233234890.0,4.0,3.0
233950353.0,4.0,
234221060.0,4.0,
234764142.0,3.0,2.0
235315105.0,4.0,3.0
235344508.0,4.0,0.0
235372201.0,4.0,0.0
236148223.0,4.0,
236199582.0,4.0,0.0
236466016.0,4.0,0.0
236478541.0,1.0,1.0
237066949.0,4.0,0.0
237846669.0,4.0,3.0
238232812.0,4.0,1.0
238693035.0,4.0,0.0
238704779.0,4.0,
239177956.0,4.0,
239233123.0,1.0,1.0
239372834.0,4.0,0.0
239911752.0,4.0,0.0
239975574.0,4.0,
240097251.0,4.0,3.0
240510177.0,4.0,
240860394.0,4.0,0.0
240972649.0,4.0,0.0
241265260.0,4.0,0.0
241457377.0,3.0,2.0
241652764.0,4.0,
242136273.0,4.0,
242546219.0,4.0,
242603089.0,4.0,
243026802.0,4.0,0.0
243257138.0,4.0,3.0
243914308.0,4.0,
243956746.0,4.0,0.0
243969229.0,4.0,0.0
244321461.0,4.0,0.0
244326890.0,4.0,0.0
244674311.0,4.0,1.0
245012097.0,4.0,0.0
245047851.0,4.0,1.0
245157793.0,2.0,
245158685.0,4.0,0.0
245204127.0,4.0,0.0
245476234.0,4.0,
245484018.0,4.0,
245564616.0,2.0,
245652097.0,4.0,
245787645.0,4.0,
246036103.0,2.0,
246059864.0,4.0,1.0
246130498.0,4.0,0.0
246549549.0,4.0,0.0
247015593.0,4.0,0.0
247059779.0,2.0,3.0
247130093.0,4.0,
247130343.0,2.0,3.0
247427155.0,4.0,
247500956.0,3.0,
247578659.0,1.0,
247664818.0,4.0,3.0
248909770.0,4.0,
249227650.0,4.0,3.0
249311215.0,1.0,1.0
249998917.0,4.0,3.0
250349069.0,4.0,
251063392.0,4.0,3.0
251082217.0,4.0,1.0
251208689.0,5.0,
251223299.0,2.0,
251322839.0,4.0,3.0
251476408.0,4.0,3.0
251931074.0,1.0,
252227907.0,2.0,2.0
252597682.0,4.0,3.0
252648352.0,4.0,
253187118.0,4.0,3.0
253350632.0,2.0,3.0
253444761.0,2.0,3.0
253448640.0,2.0,
253629658.0,4.0,
253923628.0,4.0,0.0
254209369.0,4.0,0.0
254702152.0,2.0,
254767641.0,4.0,
254857128.0,4.0,0.0
254860038.0,1.0,1.0
255080282.0,1.0,
255608148.0,3.0,2.0
255805677.0,4.0,0.0
256038413.0,4.0,1.0
256303264.0,4.0,
256616750.0,4.0,
256773873.0,3.0,
257090797.0,4.0,3.0
257991488.0,4.0,0.0
258049544.0,4.0,0.0
258055703.0,2.0,
258526306.0,4.0,0.0
258659694.0,4.0,0.0
259199391.0,4.0,
259410630.0,4.0,1.0
259483482.0,4.0,
259964518.0,4.0,3.0
259992656.0,4.0,
260148289.0,4.0,1.0
260255296.0,4.0,
260570227.0,4.0,0.0
260652583.0,4.0,0.0
260812076.0,4.0,
260864990.0,4.0,1.0
260924893.0,4.0,0.0
260997237.0,2.0,
261397539.0,4.0,
261570576.0,4.0,1.0
261948686.0,4.0,0.0
262589820.0,4.0,0.0
262673727.0,4.0,3.0
262688551.0,3.0,0.0
263782757.0,4.0,
263798565.0,1.0,1.0
263900438.0,4.0,1.0
264361827.0,4.0,3.0
264445586.0,4.0,0.0
265072660.0,4.0,1.0
265656693.0,4.0,
266031943.0,4.0,
266213792.0,4.0,3.0
266397380.0,4.0,
266632471.0,1.0,
266854415.0,4.0,0.0
266989246.0,4.0,0.0
267439238.0,4.0,0.0
267910998.0,1.0,
267927665.0,1.0,3.0
268388505.0,4.0,0.0
268630083.0,1.0,1.0
268878698.0,4.0,0.0
269387560.0,1.0,
269572615.0,1.0,1.0
269676746.0,4.0,
270280907.0,3.0,2.0
270443198.0,4.0,
271054477.0,4.0,0.0
271289190.0,4.0,
271527932.0,2.0,
271713896.0,4.0,
271996543.0,1.0,
272681625.0,4.0,0.0
273444019.0,4.0,
273655856.0,4.0,
273755377.0,4.0,3.0
274072229.0,4.0,0.0
274332453.0,4.0,1.0
274549227.0,4.0,
274674363.0,4.0,0.0
274681695.0,4.0,0.0
274738888.0,4.0,3.0
274768569.0,4.0,3.0
275305376.0,4.0,0.0
276549608.0,4.0,1.0
276670771.0,4.0,1.0
276684958.0,4.0,0.0
277250373.0,4.0,0.0
277279447.0,3.0,
277640455.0,4.0,
279729851.0,4.0,
279898634.0,4.0,3.0
280694229.0,4.0,
281258837.0,4.0,
281295685.0,5.0,
282138713.0,4.0,0.0
282390544.0,4.0,0.0
283152453.0,4.0,
283253196.0,4.0,3.0
283352322.0,4.0,
283640896.0,4.0,0.0
283718882.0,4.0,0.0
284206881.0,1.0,1.0
285258825.0,4.0,0.0
285341840.0,1.0,
285363986.0,4.0,
285655428.0,4.0,0.0
285893239.0,4.0,
286480054.0,2.0,3.0
287226948.0,4.0,3.0
287400423.0,4.0,
288577711.0,4.0,
289669285.0,1.0,1.0
290664790.0,2.0,3.0
290747220.0,4.0,0.0
291250989.0,3.0,0.0
291373664.0,4.0,
291454505.0,4.0,
291954019.0,5.0,
292551710.0,3.0,
292659314.0,1.0,1.0
292961370.0,4.0,1.0
293252207.0,4.0,
293277214.0,4.0,0.0
294440776.0,4.0,0.0
294772937.0,4.0,
295904130.0,4.0,0.0
296252913.0,4.0,
296430771.0,4.0,3.0
296620092.0,4.0,
296810336.0,2.0,3.0
296840627.0,4.0,
297086049.0,4.0,0.0
297142742.0,2.0,
297735071.0,4.0,
298241881.0,4.0,
298314389.0,2.0,
298697536.0,4.0,1.0
298753276.0,4.0,0.0
299420900.0,4.0,0.0
300028558.0,2.0,3.0
300192405.0,4.0,1.0
300662531.0,4.0,
300861598.0,,
300952864.0,4.0,2.0
301841318.0,4.0,3.0
302283968.0,4.0,3.0
302351723.0,4.0,3.0
302681727.0,4.0,0.0
302915220.0,2.0,2.0
303723093.0,4.0,
304100360.0,4.0,
304580086.0,4.0,0.0
304599063.0,4.0,0.0
305165118.0,4.0,0.0
305708387.0,4.0,
305733674.0,4.0,
306495414.0,4.0,1.0
306602256.0,5.0,
306750975.0,4.0,
307195603.0,1.0,
307944356.0,4.0,0.0
308546070.0,4.0,1.0
308636990.0,4.0,3.0
308689825.0,4.0,0.0
308691800.0,4.0,0.0
308816404.0,4.0,0.0
309367094.0,4.0,0.0
309921414.0,4.0,
310618486.0,4.0,
310993378.0,4.0,
311638332.0,4.0,1.0
311670782.0,4.0,3.0
311859625.0,4.0,
312803960.0,4.0,0.0
313442910.0,4.0,0.0
313630804.0,4.0,
313719459.0,4.0,
313954905.0,2.0,
314283408.0,4.0,0.0
314967059.0,4.0,0.0
315406712.0,4.0,
315481149.0,4.0,
316176905.0,4.0,0.0
316227972.0,2.0,0.0
316735643.0,4.0,3.0
317134847.0,4.0,
317247656.0,2.0,3.0
317413627.0,5.0,
317911064.0,4.0,3.0
317987992.0,4.0,0.0
319185927.0,4.0,0.0
319336045.0,4.0,0.0
319521300.0,4.0,1.0
319842777.0,4.0,
320862338.0,4.0,
321566222.0,4.0,0.0
322194483.0,4.0,3.0
322734024.0,4.0,0.0
322750538.0,4.0,3.0
322812533.0,4.0,
323239270.0,1.0,
323246815.0,4.0,1.0
323272526.0,4.0,3.0
323395220.0,1.0,
323459179.0,4.0,3.0
323530660.0,4.0,0.0
323583657.0,4.0,0.0
323990437.0,4.0,2.0
324029703.0,5.0,
324448496.0,4.0,3.0
325345235.0,4.0,
325577972.0,2.0,3.0
325779979.0,4.0,
326495605.0,4.0,3.0
326642263.0,4.0,3.0
326792265.0,4.0,0.0
326885884.0,4.0,
326965199.0,4.0,0.0
327114794.0,4.0,1.0
327200634.0,5.0,
327211934.0,1.0,1.0
327614166.0,4.0,0.0
327614924.0,4.0,1.0
327726855.0,4.0,
327821152.0,2.0,3.0
328237153.0,4.0,3.0
328506487.0,4.0,
328803171.0,4.0,
329321625.0,5.0,
329339197.0,4.0,0.0
329471635.0,4.0,
329482538.0,3.0,0.0
329746462.0,4.0,0.0
330028248.0,4.0,0.0
330086831.0,4.0,0.0
330447681.0,1.0,1.0
330472280.0,4.0,
330831529.0,3.0,3.0
330917518.0,4.0,3.0
331308334.0,3.0,1.0
331412498.0,1.0,
331616062.0,4.0,3.0
331997317.0,4.0,0.0
332628187.0,4.0,2.0
332676623.0,5.0,
333015324.0,1.0,1.0
333160830.0,4.0,0.0
333176699.0,4.0,3.0
333214160.0,4.0,0.0
333526237.0,4.0,0.0
333712744.0,4.0,
334083471.0,1.0,1.0
334213203.0,4.0,0.0
334291768.0,4.0,
334718790.0,4.0,
335163457.0,1.0,1.0
335410275.0,2.0,0.0
335469639.0,4.0,
335474206.0,4.0,3.0
335490080.0,2.0,3.0
335530044.0,4.0,0.0
335768825.0,2.0,
336082918.0,4.0,
336896692.0,4.0,0.0
337395446.0,4.0,
337822864.0,4.0,0.0
338440407.0,4.0,0.0
338703805.0,2.0,3.0
338817556.0,4.0,3.0
339517674.0,4.0,0.0
339932236.0,4.0,0.0
340120473.0,2.0,
340259514.0,4.0,3.0
340429755.0,4.0,0.0
340485275.0,4.0,0.0
341238925.0,4.0,
341819064.0,4.0,0.0
342126665.0,4.0,
342420611.0,4.0,0.0
342461238.0,4.0,
342510958.0,2.0,3.0
342906734.0,4.0,1.0
343232499.0,4.0,
343454137.0,4.0,
343698806.0,4.0,
344511087.0,4.0,0.0
345488256.0,4.0,3.0
345507673.0,4.0,3.0
345725789.0,4.0,3.0
345773884.0,4.0,1.0
346349983.0,4.0,0.0
346385031.0,4.0,1.0
346605829.0,4.0,0.0
347031563.0,5.0,
347251053.0,4.0,3.0
347449468.0,2.0,
347576698.0,4.0,
347580883.0,4.0,0.0
347598282.0,4.0,0.0
348092086.0,1.0,1.0
348219347.0,4.0,
348614130.0,4.0,
348680210.0,3.0,
348732276.0,1.0,
349197096.0,4.0,3.0
349319127.0,4.0,
349324588.0,2.0,
350033957.0,4.0,
350303845.0,1.0,
351170981.0,4.0,0.0
351722270.0,4.0,
351810381.0,4.0,3.0
351965235.0,4.0,
351973809.0,4.0,
351982891.0,4.0,
352051200.0,4.0,0.0
352076144.0,4.0,3.0
352617999.0,4.0,1.0
352787484.0,4.0,1.0
353194949.0,4.0,
353400696.0,4.0,
353957829.0,1.0,
354348669.0,4.0,
354407369.0,4.0,1.0
354675152.0,4.0,1.0
354830968.0,4.0,
355032949.0,4.0,
355259150.0,4.0,
356496523.0,4.0,
357111355.0,4.0,0.0
359110915.0,4.0,3.0
359220809.0,3.0,2.0
360956023.0,4.0,1.0
361152628.0,4.0,
361221950.0,4.0,0.0
361444774.0,4.0,
362179671.0,4.0,0.0
362222987.0,4.0,0.0
362659976.0,2.0,3.0
362896236.0,4.0,0.0
363689472.0,1.0,1.0
363701612.0,4.0,3.0
363943044.0,1.0,1.0
363974611.0,4.0,0.0
363992465.0,2.0,
364027143.0,4.0,
364066732.0,4.0,0.0
365192218.0,4.0,1.0
365829310.0,4.0,0.0
366022299.0,4.0,0.0
366174301.0,4.0,3.0
366530970.0,4.0,
366961277.0,4.0,1.0
367258306.0,4.0,
368381657.0,1.0,1.0
368504837.0,4.0,
368691953.0,2.0,
368957972.0,4.0,0.0
369332000.0,4.0,3.0
369748382.0,4.0,0.0
369771361.0,4.0,0.0
369773592.0,4.0,0.0
369832110.0,1.0,
369859207.0,4.0,3.0
370152408.0,4.0,1.0
370320469.0,4.0,
370451043.0,4.0,3.0
370462457.0,4.0,3.0
370699097.0,4.0,0.0
370946722.0,4.0,0.0
370980049.0,4.0,3.0
371175491.0,4.0,
371493803.0,4.0,
372031280.0,4.0,
372380234.0,4.0,0.0
372498248.0,4.0,
373181471.0,4.0,
373623232.0,4.0,2.0
374221319.0,4.0,0.0
374499757.0,4.0,0.0
375179702.0,1.0,1.0
375841470.0,1.0,1.0
376249423.0,4.0,3.0
376300171.0,4.0,0.0
376404432.0,4.0,0.0
377046771.0,4.0,0.0
377294210.0,4.0,
377666108.0,4.0,0.0
377685390.0,4.0,
377744411.0,4.0,0.0
377782593.0,4.0,0.0
378160687.0,1.0,
379046348.0,2.0,3.0
379697738.0,2.0,3.0
379789833.0,4.0,3.0
379828689.0,1.0,1.0
379999522.0,4.0,0.0
380100886.0,2.0,3.0
381698459.0,4.0,
382303183.0,5.0,
382480516.0,4.0,1.0
383559157.0,4.0,0.0
384038133.0,4.0,3.0
384546275.0,4.0,1.0
384597747.0,2.0,1.0
384623781.0,4.0,
385041438.0,4.0,0.0
385556176.0,4.0,1.0
386335740.0,4.0,0.0
386691675.0,4.0,
387810069.0,4.0,1.0
388328258.0,4.0,3.0
388613064.0,4.0,3.0
388664920.0,4.0,0.0
388736426.0,1.0,
389100921.0,4.0,3.0
389234221.0,4.0,0.0
389748352.0,4.0,3.0
389773311.0,4.0,0.0
389855422.0,4.0,
390263180.0,4.0,0.0
390364452.0,4.0,3.0
390390104.0,4.0,
391008565.0,2.0,
391021943.0,4.0,
392044767.0,4.0,3.0
392301640.0,4.0,
392413732.0,4.0,0.0
392425165.0,5.0,
392985977.0,4.0,
393350033.0,4.0,3.0
393700749.0,4.0,
393804273.0,4.0,
393827132.0,,
394693356.0,4.0,1.0
395037577.0,4.0,
395320036.0,5.0,
395456865.0,4.0,
395522232.0,3.0,0.0
396971059.0,3.0,
397312303.0,4.0,0.0
397682629.0,4.0,3.0
397735882.0,4.0,0.0
398184177.0,4.0,0.0
398232637.0,4.0,
398454308.0,4.0,0.0
398471887.0,4.0,
398737910.0,4.0,
398985233.0,4.0,3.0
399386737.0,1.0,
399803409.0,4.0,3.0
400174123.0,4.0,0.0
400449452.0,4.0,1.0
400902561.0,4.0,0.0
400927358.0,4.0,0.0
401072530.0,4.0,
401458246.0,3.0,
401507572.0,4.0,
402353785.0,1.0,1.0
402833585.0,4.0,
403662373.0,4.0,3.0
403714540.0,2.0,
404123521.0,4.0,
404320133.0,4.0,3.0
404349377.0,4.0,0.0
404568697.0,4.0,
404583530.0,4.0,2.0
405039912.0,4.0,3.0
405074580.0,4.0,0.0
405310411.0,4.0,
405607938.0,4.0,0.0
405869085.0,4.0,3.0
405916506.0,4.0,1.0
405994748.0,4.0,3.0
406488055.0,4.0,0.0
407455765.0,4.0,
407811925.0,4.0,
408027328.0,4.0,0.0
408234261.0,5.0,
409642220.0,4.0,
409695874.0,4.0,3.0
410198865.0,4.0,
411162914.0,1.0,1.0
411286431.0,4.0,
411927454.0,4.0,
412578747.0,5.0,
413186058.0,2.0,3.0
413238169.0,4.0,
413294359.0,1.0,
414462221.0,1.0,
414601735.0,4.0,
414871589.0,4.0,0.0
414971381.0,4.0,0.0
414989313.0,4.0,0.0
415245900.0,1.0,
415246895.0,4.0,
415674663.0,4.0,0.0
415918838.0,4.0,
416391966.0,4.0,0.0
417058297.0,5.0,
417244068.0,4.0,
417275252.0,5.0,
418916413.0,4.0,3.0
419143773.0,4.0,
420114634.0,1.0,
420811951.0,1.0,1.0
421922768.0,4.0,0.0
422044978.0,4.0,0.0
422410391.0,4.0,0.0
423072301.0,4.0,
424066660.0,4.0,
424507759.0,4.0,0.0
424564907.0,1.0,
425375189.0,4.0,0.0
425449505.0,4.0,
425953310.0,4.0,3.0
426013762.0,4.0,0.0
426131717.0,4.0,3.0
426179765.0,4.0,
426551337.0,4.0,0.0
426854558.0,4.0,
426949977.0,4.0,0.0
427017435.0,4.0,
427043951.0,5.0,
427485067.0,2.0,3.0
428218169.0,4.0,0.0
429363409.0,1.0,1.0
429465543.0,4.0,0.0
429588160.0,4.0,
430165027.0,4.0,
430481965.0,4.0,
430698976.0,4.0,1.0
431333866.0,1.0,1.0
432138597.0,4.0,
432144227.0,4.0,0.0
432178397.0,4.0,
433226765.0,4.0,
433627817.0,4.0,
433779635.0,4.0,0.0
434575713.0,4.0,
434665544.0,4.0,3.0
435019138.0,1.0,
435767779.0,4.0,
436231862.0,4.0,0.0
437291595.0,4.0,0.0
437563475.0,4.0,1.0
438680256.0,4.0,0.0
438805823.0,2.0,0.0
438902833.0,4.0,0.0
440493666.0,4.0,1.0
441941431.0,4.0,3.0
442847404.0,4.0,3.0
443254689.0,4.0,
444010019.0,4.0,1.0
444055370.0,4.0,0.0
444617649.0,4.0,
444758568.0,4.0,
445622062.0,4.0,
445795189.0,4.0,
446700477.0,4.0,0.0
447511231.0,2.0,3.0
447531731.0,4.0,3.0
447535293.0,4.0,0.0
447655802.0,4.0,0.0
447728061.0,4.0,0.0
448462342.0,2.0,3.0
449029278.0,4.0,3.0
449255927.0,1.0,1.0
449849499.0,4.0,1.0
449865904.0,4.0,3.0
450128822.0,4.0,0.0
450308852.0,4.0,
450318581.0,4.0,0.0
451918234.0,4.0,1.0
452266409.0,4.0,
453293054.0,4.0,0.0
453408755.0,4.0,0.0
453780622.0,4.0,0.0
454481737.0,1.0,
455960773.0,4.0,
456395273.0,4.0,
457116812.0,4.0,
457166419.0,4.0,0.0
457210239.0,2.0,3.0
458087409.0,4.0,0.0
458912040.0,2.0,3.0
459985277.0,4.0,
460463231.0,4.0,
460622623.0,4.0,0.0
460647298.0,4.0,3.0
461920084.0,2.0,
463281983.0,4.0,0.0
463292751.0,5.0,
464359903.0,4.0,
464934673.0,4.0,
467004340.0,4.0,0.0
467824710.0,4.0,
468031900.0,4.0,
468613270.0,4.0,1.0
468827800.0,5.0,
468988865.0,1.0,
469129824.0,4.0,0.0
469487054.0,4.0,0.0
469803198.0,4.0,1.0
470499221.0,4.0,2.0
470830894.0,4.0,0.0
471638985.0,1.0,1.0
472479280.0,4.0,
472698389.0,4.0,
473485734.0,4.0,
473721840.0,4.0,0.0
475045299.0,4.0,
476514411.0,2.0,3.0
476767152.0,4.0,3.0
477237734.0,4.0,3.0
477333318.0,4.0,
477794199.0,4.0,
478269049.0,4.0,0.0
478761543.0,4.0,2.0
478766423.0,4.0,
479928132.0,4.0,0.0
480088386.0,4.0,
480469581.0,1.0,1.0
480728639.0,4.0,0.0
481284142.0,4.0,
481583238.0,4.0,3.0
481774027.0,4.0,3.0
483346250.0,4.0,3.0
484382551.0,2.0,0.0
485899103.0,5.0,
485919205.0,4.0,0.0
485970717.0,4.0,3.0
486062125.0,4.0,3.0
486130973.0,4.0,1.0
486527674.0,4.0,0.0
487612568.0,,
488030499.0,4.0,3.0
488032128.0,4.0,3.0
489096099.0,4.0,
489635138.0,2.0,3.0
491292325.0,4.0,
491753048.0,4.0,0.0
492472835.0,4.0,
492595824.0,4.0,2.0
493049227.0,4.0,
494021475.0,4.0,0.0
494317024.0,5.0,
494902639.0,4.0,0.0
495413053.0,4.0,
495557027.0,4.0,3.0
495560416.0,4.0,0.0
495633656.0,4.0,1.0
496689898.0,1.0,1.0
497525756.0,4.0,
498381570.0,4.0,3.0
498433587.0,4.0,1.0
499278537.0,4.0,
499501746.0,2.0,
500268697.0,4.0,3.0
500380132.0,1.0,
501142729.0,4.0,3.0
502170407.0,1.0,1.0
502170966.0,1.0,1.0
502245806.0,4.0,
502356751.0,4.0,
503246270.0,4.0,
503889593.0,4.0,
503975451.0,4.0,
504692950.0,4.0,
504746272.0,4.0,0.0
507115742.0,4.0,1.0
507766638.0,4.0,1.0
508199954.0,4.0,3.0
508769785.0,4.0,
508916667.0,4.0,
509543591.0,3.0,2.0
510513542.0,5.0,
510958325.0,4.0,
512151438.0,4.0,0.0
512625717.0,1.0,1.0
512869595.0,4.0,
514735682.0,4.0,0.0
514828155.0,4.0,0.0
514934821.0,4.0,3.0
515713202.0,1.0,
516559037.0,1.0,1.0
516601646.0,4.0,2.0
516917837.0,4.0,0.0
517143546.0,1.0,
517491456.0,4.0,
517950064.0,4.0,
518043546.0,4.0,
518051100.0,1.0,
518088470.0,1.0,1.0
518811034.0,4.0,
518915876.0,4.0,
519217829.0,4.0,0.0
520821595.0,4.0,
521397733.0,4.0,0.0
521501330.0,4.0,0.0
522333071.0,4.0,
522488778.0,4.0,
522588604.0,3.0,
522716871.0,4.0,
523418902.0,1.0,
523608771.0,4.0,
523675753.0,4.0,3.0
523941106.0,4.0,1.0
524980784.0,4.0,0.0
525338806.0,4.0,
525700609.0,3.0,
525997976.0,4.0,1.0
527763501.0,4.0,
527922020.0,4.0,
528689829.0,4.0,
529343235.0,4.0,0.0
529434639.0,2.0,3.0
529790936.0,4.0,0.0
532597010.0,4.0,3.0
532718125.0,4.0,2.0
532996097.0,4.0,
533215554.0,4.0,
533657219.0,4.0,
533795288.0,4.0,0.0
534509777.0,4.0,
535234702.0,1.0,
535499482.0,4.0,3.0
535869651.0,4.0,0.0
536060662.0,4.0,
537493775.0,4.0,
537759546.0,4.0,1.0
538447202.0,4.0,0.0
539225999.0,4.0,
540213934.0,1.0,1.0
540310244.0,4.0,2.0
540478915.0,5.0,
540580176.0,4.0,0.0
541290681.0,4.0,0.0
541342379.0,4.0,3.0
541793568.0,4.0,
541885615.0,1.0,1.0
542126727.0,3.0,2.0
542248830.0,4.0,2.0
542250227.0,4.0,
543909635.0,4.0,0.0
544658819.0,4.0,3.0
544871796.0,4.0,3.0
544909427.0,4.0,0.0
545322529.0,4.0,0.0
545572285.0,4.0,3.0
546047624.0,4.0,
546965794.0,2.0,3.0
546973182.0,4.0,
548043782.0,4.0,0.0
549532494.0,4.0,
549665508.0,4.0,
550141502.0,4.0,0.0
550601451.0,4.0,0.0
551044552.0,5.0,
551265204.0,4.0,
551626824.0,4.0,
552017652.0,4.0,
552355413.0,4.0,
552444599.0,4.0,
552914269.0,4.0,1.0
553239849.0,4.0,0.0
553351112.0,4.0,
553626776.0,4.0,
554774295.0,4.0,0.0
554813424.0,5.0,
555238159.0,4.0,
555518833.0,1.0,1.0
555701224.0,5.0,
555922058.0,4.0,
556205401.0,2.0,3.0
556435591.0,1.0,1.0
556493883.0,2.0,3.0
556548129.0,4.0,
556584210.0,4.0,3.0
557374785.0,4.0,3.0
557825989.0,4.0,
558346283.0,4.0,1.0
558602048.0,4.0,0.0
558776137.0,4.0,0.0
558973249.0,4.0,0.0
559096031.0,1.0,
559906449.0,4.0,0.0
560079550.0,2.0,
560162688.0,4.0,1.0
560828885.0,4.0,3.0
561473883.0,4.0,3.0
561637252.0,4.0,
562129326.0,1.0,1.0
563252459.0,4.0,3.0
564210319.0,4.0,
564328187.0,4.0,3.0
564901946.0,4.0,0.0
564949993.0,2.0,3.0
565050704.0,4.0,0.0
565417834.0,4.0,
565687835.0,4.0,3.0
565822574.0,4.0,
565864024.0,4.0,0.0
566657354.0,4.0,
567287710.0,4.0,0.0
567533609.0,4.0,
567812011.0,4.0,0.0
568112020.0,1.0,
568474482.0,4.0,0.0
568568645.0,4.0,0.0
568618546.0,2.0,3.0
569389400.0,4.0,0.0
570346602.0,4.0,
571209542.0,4.0,
571813757.0,4.0,0.0
573109188.0,4.0,
573135509.0,4.0,3.0
573654042.0,4.0,0.0
573689798.0,4.0,
573722342.0,4.0,3.0
573899851.0,4.0,
574090577.0,4.0,0.0
574218386.0,4.0,
574866369.0,4.0,
574871459.0,4.0,
576289447.0,4.0,
576651340.0,4.0,
576782174.0,4.0,0.0
576887409.0,2.0,
577650645.0,4.0,0.0
577688816.0,4.0,0.0
577757790.0,4.0,
578172169.0,1.0,
578243124.0,4.0,0.0
578502801.0,4.0,0.0
579076535.0,4.0,0.0
579445505.0,5.0,
579811963.0,4.0,0.0
580226141.0,4.0,2.0
580604307.0,4.0,1.0
581004200.0,4.0,3.0
581396387.0,4.0,
582321086.0,4.0,0.0
582324504.0,4.0,
582798157.0,1.0,
583075078.0,4.0,0.0
583942750.0,1.0,1.0
585091678.0,4.0,0.0
585822046.0,4.0,3.0
588030994.0,4.0,
588721480.0,4.0,0.0
589158155.0,4.0,0.0
592001167.0,5.0,
592656878.0,4.0,0.0
593351283.0,5.0,
594072658.0,4.0,3.0
594265216.0,4.0,
594613802.0,4.0,1.0
594913523.0,4.0,
595089554.0,4.0,0.0
595651609.0,4.0,0.0
597022097.0,4.0,0.0
597034522.0,4.0,
597901871.0,2.0,3.0
598015201.0,4.0,0.0
598929500.0,5.0,
600042597.0,4.0,
600539751.0,4.0,0.0
600543359.0,4.0,0.0
600594999.0,4.0,1.0
601353390.0,,
601456509.0,4.0,0.0
603210706.0,1.0,
604543285.0,4.0,0.0
606923282.0,1.0,
608366859.0,4.0,2.0
608598498.0,4.0,
609072643.0,4.0,
610022729.0,4.0,3.0
610481437.0,4.0,
610584547.0,4.0,3.0
611420975.0,4.0,
612836662.0,4.0,0.0
612939445.0,1.0,1.0
612948015.0,4.0,0.0
613973813.0,2.0,
616397762.0,4.0,
616470622.0,4.0,
617547972.0,5.0,
618480612.0,4.0,0.0
618724637.0,4.0,
619061998.0,4.0,
619472976.0,4.0,3.0
619589078.0,4.0,
620376139.0,4.0,0.0
621342053.0,4.0,0.0
621380585.0,4.0,
621507850.0,4.0,3.0
621603379.0,4.0,0.0
622341954.0,4.0,
623373926.0,4.0,
623869971.0,4.0,
623968960.0,4.0,
624046416.0,4.0,
624617708.0,4.0,3.0
625035702.0,4.0,
626499728.0,4.0,0.0
626520987.0,4.0,
626896806.0,4.0,0.0
627621883.0,4.0,1.0
628465156.0,4.0,3.0
628752517.0,2.0,3.0
629187132.0,4.0,1.0
631509531.0,1.0,1.0
632971213.0,4.0,0.0
633119013.0,4.0,
633412658.0,3.0,
634177579.0,4.0,0.0
634188694.0,4.0,0.0
634746669.0,1.0,1.0
636270116.0,4.0,
636320780.0,4.0,3.0
701584952.0,4.0,0.0
704348603.0,4.0,0.0
706204430.0,2.0,3.0
706385773.0,4.0,0.0
707305184.0,1.0,
707684390.0,4.0,0.0
708411714.0,4.0,
708986202.0,4.0,0.0
709401972.0,4.0,0.0
709731894.0,4.0,0.0
710792036.0,4.0,0.0
710854230.0,4.0,0.0
711788841.0,4.0,0.0
712746386.0,4.0,0.0
714876005.0,4.0,
715163553.0,2.0,
716295260.0,4.0,1.0
716394420.0,1.0,1.0
716829554.0,4.0,0.0
718243483.0,4.0,
721142250.0,4.0,0.0
721503992.0,4.0,1.0
721891704.0,,
723436777.0,4.0,
726775603.0,,
726787651.0,4.0,
726952964.0,4.0,2.0
727241983.0,4.0,
727456111.0,5.0,
729492252.0,4.0,1.0
730670041.0,4.0,
730849968.0,4.0,1.0
731074038.0,4.0,0.0
731329902.0,4.0,0.0
731886007.0,4.0,
733807508.0,4.0,0.0
734978778.0,4.0,0.0
735020898.0,4.0,3.0
735277074.0,4.0,0.0
735421597.0,4.0,0.0
736006135.0,4.0,3.0
737566184.0,4.0,
739243675.0,,
741618583.0,4.0,
742047162.0,4.0,3.0
742572264.0,4.0,
745425062.0,4.0,0.0
746498455.0,4.0,0.0
747719762.0,5.0,
750215857.0,4.0,
750268519.0,4.0,3.0
751508179.0,4.0,1.0
752753036.0,4.0,
755380856.0,4.0,1.0
757583166.0,1.0,1.0
757895707.0,4.0,
760548722.0,2.0,3.0
760687338.0,4.0,1.0
762550825.0,4.0,3.0
763578384.0,4.0,2.0
764254747.0,4.0,0.0
764687948.0,4.0,3.0
764956850.0,4.0,0.0
770338470.0,2.0,
770566922.0,4.0,0.0
772443326.0,4.0,0.0
773929586.0,4.0,
776875777.0,2.0,
779241002.0,1.0,1.0
779457931.0,1.0,1.0
780294270.0,4.0,1.0
781513122.0,4.0,3.0
781567430.0,4.0,1.0
782683129.0,4.0,
783392899.0,4.0,0.0
783558740.0,4.0,3.0
783686216.0,4.0,3.0
785408508.0,4.0,0.0
785634740.0,4.0,0.0
785818974.0,4.0,
785903035.0,1.0,
786201799.0,4.0,3.0
787517636.0,4.0,
788191704.0,4.0,0.0
790605612.0,2.0,3.0
792588176.0,4.0,0.0
792878840.0,4.0,
794579815.0,4.0,0.0
794697360.0,1.0,0.0
794844643.0,4.0,3.0
799427767.0,4.0,0.0
799467108.0,4.0,0.0
801573060.0,1.0,
803474311.0,4.0,1.0
805053264.0,4.0,0.0
805091347.0,4.0,0.0
805967683.0,2.0,
807670939.0,4.0,1.0
807892592.0,4.0,0.0
808152505.0,4.0,
809674321.0,4.0,0.0
809757246.0,4.0,
809947435.0,4.0,0.0
810736940.0,4.0,0.0
811964467.0,4.0,
813547970.0,4.0,0.0
813642446.0,4.0,0.0
814072914.0,4.0,
816492554.0,4.0,3.0
816618877.0,4.0,0.0
818449555.0,4.0,0.0
818490121.0,1.0,
818491993.0,3.0,
819964860.0,4.0,1.0
820531370.0,4.0,1.0
821038622.0,4.0,0.0
821955228.0,4.0,1.0
822101634.0,4.0,0.0
822210312.0,4.0,0.0
822520250.0,4.0,0.0
824096078.0,3.0,
826747951.0,4.0,0.0
827371944.0,4.0,3.0
827647927.0,4.0,
830160776.0,4.0,
830362063.0,4.0,
831332472.0,4.0,0.0
831370980.0,4.0,
832073456.0,4.0,3.0
833451786.0,4.0,3.0
833794190.0,,
834227954.0,2.0,0.0
834786632.0,4.0,
835545732.0,4.0,0.0
835878942.0,4.0,
836519888.0,4.0,
837686702.0,4.0,
838563913.0,4.0,
838843687.0,4.0,3.0
838957280.0,4.0,1.0
839083290.0,4.0,3.0
839279964.0,4.0,
841152145.0,2.0,3.0
841714765.0,4.0,
841819266.0,4.0,3.0
843409740.0,2.0,
844492928.0,4.0,3.0
844985370.0,4.0,
845587771.0,4.0,0.0
846745555.0,4.0,1.0
851708173.0,4.0,0.0
851926706.0,4.0,0.0
851941934.0,4.0,1.0
854198532.0,4.0,
855624000.0,2.0,3.0
857041382.0,4.0,
860353074.0,5.0,
860699778.0,4.0,
861004128.0,4.0,0.0
863112540.0,4.0,
863933684.0,5.0,
865460899.0,4.0,
866395686.0,4.0,
867054594.0,4.0,3.0
869691481.0,4.0,3.0
872715162.0,4.0,1.0
874447549.0,4.0,0.0
876192169.0,4.0,
876319002.0,1.0,1.0
877040654.0,4.0,0.0
879390264.0,4.0,0.0
880818451.0,,
881195035.0,4.0,0.0
881347992.0,4.0,
882603895.0,4.0,
887777401.0,4.0,
887866621.0,3.0,
889947194.0,4.0,3.0
890066966.0,4.0,0.0
891386358.0,3.0,2.0
894063788.0,4.0,1.0
896492600.0,4.0,
897367644.0,1.0,
900468128.0,4.0,
900558642.0,4.0,3.0
906938204.0,4.0,0.0
910191858.0,4.0,1.0
911538444.0,4.0,3.0
912042486.0,4.0,3.0
913369596.0,1.0,1.0
914315102.0,5.0,
917426286.0,4.0,3.0
919565035.0,4.0,3.0
919942688.0,2.0,
920138382.0,4.0,
923959368.0,2.0,
927980179.0,4.0,0.0
930483241.0,4.0,1.0
933239744.0,4.0,1.0
933528180.0,4.0,0.0
934676185.0,4.0,1.0
934916089.0,4.0,
935979132.0,4.0,
936032731.0,4.0,
937356404.0,4.0,
937561951.0,2.0,3.0
940356673.0,3.0,
942922705.0,4.0,3.0
946586382.0,4.0,3.0
946914943.0,3.0,
946952696.0,4.0,
947071700.0,4.0,
948561462.0,4.0,0.0
949712449.0,4.0,
952136497.0,4.0,3.0
952290570.0,4.0,0.0
952930603.0,4.0,2.0
956497700.0,4.0,0.0
958317204.0,4.0,
960968348.0,4.0,
961244959.0,4.0,0.0
965147732.0,4.0,
965304438.0,4.0,3.0
969270510.0,4.0,0.0
970253204.0,4.0,0.0
976930808.0,4.0,
977250968.0,4.0,
977573312.0,4.0,1.0
977583558.0,3.0,2.0
979776470.0,4.0,
981680582.0,4.0,
983354179.0,4.0,0.0
983792269.0,4.0,0.0
984674054.0,4.0,3.0
985415130.0,4.0,0.0
989602435.0,1.0,1.0
990490230.0,4.0,
994336536.0,4.0,0.0
996356186.0,2.0,3.0
1002937842.0,4.0,1.0
1005685344.0,4.0,0.0
1007743088.0,4.0,
1009432801.0,4.0,0.0
1009461181.0,4.0,
1011921206.0,4.0,
1012364616.0,2.0,
1012410642.0,4.0,0.0
1012696602.0,1.0,1.0
1016399695.0,4.0,0.0
1016513190.0,4.0,3.0
1016637662.0,4.0,0.0
1018169203.0,4.0,0.0
1018440002.0,4.0,0.0
1024516506.0,4.0,3.0
1027381261.0,2.0,3.0
1029660138.0,4.0,3.0
1032055424.0,1.0,1.0
1033945436.0,1.0,
1034131069.0,4.0,
1035115242.0,4.0,
1035352429.0,1.0,
1036458650.0,4.0,
1036685779.0,3.0,2.0
1037179669.0,4.0,0.0
1038317240.0,4.0,3.0
1042589929.0,4.0,0.0
1042937455.0,4.0,1.0
1043376614.0,4.0,
1043452525.0,4.0,3.0
1044097974.0,4.0,
1049101458.0,4.0,0.0
1049184229.0,2.0,3.0
1050929670.0,4.0,0.0
1051430599.0,1.0,
1051520905.0,4.0,0.0
1053553886.0,4.0,
1056628524.0,3.0,
1058777846.0,4.0,
1059262884.0,4.0,0.0
1059394304.0,2.0,
1060895292.0,4.0,3.0
1062297157.0,4.0,0.0
1064454056.0,1.0,
1064542524.0,4.0,
1065376914.0,4.0,3.0
1068587880.0,4.0,
1072225454.0,4.0,0.0
1072639190.0,4.0,3.0
1073408982.0,1.0,1.0
1074269485.0,4.0,
1080242460.0,4.0,0.0
1085240216.0,4.0,0.0
1090783238.0,3.0,0.0
1092983304.0,5.0,
1093538893.0,4.0,
1099486146.0,4.0,0.0
1102356913.0,2.0,
1104484718.0,4.0,2.0
1105777184.0,,
1107356203.0,4.0,
1107594948.0,4.0,3.0
1110247477.0,1.0,1.0
1111109582.0,4.0,0.0
1111733179.0,4.0,0.0
1112560058.0,4.0,
1112812058.0,4.0,
1113605617.0,4.0,0.0
1115466752.0,1.0,
1115554452.0,4.0,1.0
1115706397.0,4.0,0.0
1115736440.0,4.0,0.0
1117478304.0,4.0,0.0
1117714796.0,2.0,0.0
1123623223.0,5.0,
1123732903.0,4.0,
1127262654.0,1.0,
1130439524.0,4.0,
1135271220.0,4.0,1.0
1136150677.0,4.0,
1137983581.0,4.0,
1138339776.0,1.0,1.0
1138363777.0,3.0,3.0
1138390375.0,4.0,0.0
1140694321.0,4.0,1.0
1140943262.0,2.0,3.0
1146530108.0,2.0,
1152226788.0,4.0,
1155422263.0,4.0,
1155548167.0,4.0,0.0
1157688656.0,4.0,
1158286020.0,4.0,3.0
1158727531.0,3.0,
1158955148.0,4.0,3.0
1162073730.0,4.0,3.0
1162687621.0,3.0,
1163602314.0,4.0,0.0
1164591420.0,4.0,3.0
1164797461.0,4.0,3.0
1165062295.0,1.0,1.0
1167256855.0,2.0,0.0
1171481240.0,4.0,0.0
1173978217.0,4.0,0.0
1175217080.0,1.0,1.0
1184730818.0,1.0,1.0
1202124020.0,2.0,3.0
1204050956.0,4.0,0.0
1205002178.0,4.0,
1205082344.0,4.0,1.0
1209078512.0,4.0,
1213142882.0,4.0,
1213630772.0,4.0,0.0
1214801610.0,1.0,1.0
1216573080.0,4.0,0.0
1216965588.0,4.0,0.0
1217020981.0,4.0,0.0
1217476284.0,2.0,
1220082446.0,4.0,1.0
1222771999.0,4.0,0.0
1223452975.0,4.0,0.0
1226567455.0,4.0,1.0
1228096226.0,4.0,3.0
1230012013.0,4.0,0.0
1233321704.0,4.0,
1239864266.0,4.0,0.0
1242467226.0,4.0,1.0
1243191068.0,4.0,
1243794576.0,4.0,
1244831256.0,2.0,3.0
1245112638.0,4.0,
1245172388.0,4.0,0.0
1247718662.0,4.0,
1252098264.0,,
1252944126.0,3.0,2.0
1253426977.0,4.0,1.0
1257453852.0,2.0,
1260196963.0,1.0,
1263130170.0,4.0,0.0
1268156702.0,4.0,0.0
1271334512.0,4.0,0.0
1272600042.0,4.0,
1275088088.0,4.0,
1275656082.0,4.0,0.0
1281704198.0,4.0,3.0
1284918614.0,4.0,1.0
1287352308.0,4.0,0.0
1288526551.0,4.0,1.0
1288790522.0,4.0,0.0
1300116896.0,4.0,0.0
1301642941.0,4.0,3.0
1304032742.0,4.0,0.0
1305330828.0,1.0,1.0
1309455876.0,4.0,1.0
1315492165.0,4.0,
1316720238.0,4.0,
1317022460.0,1.0,
1317152977.0,4.0,
1317308676.0,4.0,1.0
1321357968.0,4.0,
1321712900.0,4.0,3.0
1322822120.0,4.0,
1323108068.0,4.0,0.0
1326934106.0,4.0,0.0
1329639396.0,2.0,
1330106192.0,4.0,1.0
1330258434.0,4.0,0.0
1330644060.0,4.0,
1333544612.0,4.0,
1337699658.0,5.0,
1338309974.0,4.0,2.0
1343113225.0,4.0,1.0
1344042366.0,4.0,0.0
1346831455.0,4.0,
1347201812.0,4.0,
1352780612.0,4.0,
1355499474.0,4.0,
1355930797.0,4.0,3.0
1355999156.0,4.0,0.0
1356058544.0,4.0,
1357110091.0,4.0,3.0
1358180336.0,4.0,0.0
1358207202.0,4.0,1.0
1358420269.0,4.0,
1359945506.0,4.0,
1365166022.0,5.0,
1365406188.0,4.0,0.0
1367011964.0,4.0,0.0
1367355841.0,2.0,3.0
1367865414.0,4.0,
1368574843.0,3.0,3.0
1368758322.0,4.0,1.0
1372476151.0,4.0,
1374200786.0,1.0,
1375463868.0,4.0,0.0
1380089880.0,4.0,0.0
1380337848.0,4.0,
1381925694.0,2.0,3.0
1385802428.0,4.0,1.0
1387994916.0,4.0,3.0
1390667377.0,4.0,3.0
1390795742.0,4.0,0.0
1398294175.0,1.0,
1398774890.0,3.0,0.0
1409367860.0,4.0,
1411932434.0,4.0,0.0
1413773527.0,4.0,1.0
1413974720.0,4.0,
1426651902.0,3.0,
1426680918.0,4.0,
1434301328.0,5.0,
1441916952.0,4.0,
1455116664.0,4.0,
1457976612.0,4.0,3.0
1458646620.0,1.0,1.0
1458702668.0,5.0,
1463261726.0,4.0,
1465183963.0,4.0,
1465995588.0,4.0,1.0
1467205140.0,4.0,2.0
1468613485.0,4.0,0.0
1470348570.0,4.0,
1470806185.0,4.0,0.0
1475671686.0,4.0,
1476071306.0,5.0,
1476220596.0,5.0,
1478309280.0,4.0,0.0
1480136082.0,1.0,
1480407091.0,2.0,
1483232108.0,4.0,0.0
1486617637.0,4.0,3.0
1486782727.0,4.0,3.0
1488728612.0,4.0,
1488770850.0,4.0,0.0
1490720666.0,4.0,0.0
1491381170.0,4.0,
1493225791.0,2.0,0.0
1495647980.0,4.0,
1497193039.0,1.0,
1506053083.0,4.0,3.0
1507930579.0,4.0,0.0
1511765407.0,4.0,
1514546700.0,2.0,
1518065635.0,4.0,0.0
1518193814.0,3.0,
1518440665.0,4.0,
1523447311.0,4.0,0.0
1523489851.0,4.0,
1524205824.0,4.0,0.0
1525658142.0,4.0,
1536725665.0,4.0,
1537643630.0,4.0,
1539963288.0,4.0,0.0
1541307962.0,4.0,1.0
1542243944.0,4.0,0.0
1544585436.0,4.0,1.0
1544791616.0,4.0,0.0
1545312571.0,5.0,
1545971322.0,4.0,0.0
1546329000.0,1.0,3.0
1547185496.0,4.0,
1547460468.0,4.0,3.0
1548897660.0,4.0,0.0
1548928051.0,5.0,
1549681836.0,2.0,3.0
1552537964.0,1.0,
1554468968.0,1.0,
1556017826.0,4.0,1.0
1557305016.0,4.0,0.0
1558633002.0,4.0,
1559088296.0,4.0,0.0
1560964392.0,4.0,3.0
1562088236.0,4.0,
1562162497.0,4.0,
1564433604.0,4.0,0.0
1564877802.0,4.0,0.0
1566249109.0,4.0,2.0
1569592922.0,4.0,
1575804001.0,4.0,0.0
1576319239.0,4.0,0.0
1581299677.0,4.0,
1582834249.0,4.0,
1584735324.0,1.0,1.0
1587168878.0,4.0,0.0
1587559075.0,4.0,0.0
1589439548.0,2.0,3.0
1592121240.0,4.0,
1596840870.0,4.0,
1600108399.0,4.0,0.0
1601812158.0,4.0,0.0
1601993131.0,4.0,
1605117252.0,3.0,
1605395239.0,2.0,0.0
1609120554.0,4.0,1.0
1611850802.0,4.0,0.0
1612112400.0,4.0,0.0
1615810866.0,4.0,
1619527567.0,5.0,
1621290246.0,4.0,
1623797168.0,4.0,0.0
1630988527.0,2.0,3.0
1631100475.0,1.0,
1631311909.0,4.0,0.0
1631850295.0,4.0,0.0
1633139072.0,4.0,0.0
1633175671.0,4.0,
1633551667.0,4.0,
1633941529.0,4.0,0.0
1636732117.0,1.0,1.0
1636930081.0,4.0,1.0
1643404867.0,4.0,
1644076722.0,3.0,2.0
1644242924.0,2.0,3.0
1646114796.0,3.0,
1646911956.0,1.0,3.0
1648404864.0,4.0,0.0
1651405736.0,4.0,0.0
1653921162.0,1.0,1.0
1656494665.0,4.0,0.0
1658356795.0,4.0,
1658626062.0,4.0,3.0
1662746058.0,4.0,
1662881394.0,1.0,1.0
1665470917.0,4.0,
1672833529.0,1.0,
1679062790.0,4.0,
1679511272.0,4.0,
1679923915.0,4.0,3.0
1681476001.0,1.0,0.0
1681547610.0,4.0,
1682271696.0,4.0,0.0
1683670698.0,4.0,
1684312272.0,5.0,
1686083347.0,,
1689678355.0,4.0,0.0
1694305291.0,3.0,2.0
1695074820.0,4.0,
1695161293.0,4.0,0.0
1695599899.0,4.0,0.0
1697484798.0,4.0,
1697593178.0,4.0,0.0
1700417964.0,4.0,0.0
1700920166.0,4.0,
1702811952.0,4.0,1.0
1707854286.0,4.0,1.0
1707999306.0,4.0,
1709319535.0,5.0,
1711251450.0,4.0,1.0
1711356080.0,4.0,0.0
1716973039.0,1.0,1.0
1721071723.0,3.0,3.0
1723321129.0,4.0,0.0
1726390692.0,4.0,2.0
1726790156.0,4.0,
1733438666.0,4.0,3.0
1735700341.0,4.0,0.0
1738359708.0,4.0,0.0
1765266829.0,5.0,
1837470643.0,4.0,0.0
1841828136.0,1.0,1.0
1849217726.0,4.0,
1850124325.0,4.0,
1856954430.0,1.0,1.0
1857137906.0,4.0,1.0
1858859676.0,4.0,0.0
1859334228.0,4.0,
1859706068.0,4.0,0.0
1862880625.0,4.0,3.0
1869956167.0,4.0,0.0
1871975606.0,1.0,1.0
1872623180.0,4.0,
1879952796.0,4.0,
1880734692.0,3.0,
1882226892.0,4.0,0.0
1884234126.0,4.0,
1884781243.0,4.0,
1887956450.0,4.0,
1888543111.0,4.0,0.0
1890717020.0,4.0,
1905102073.0,4.0,
1905953748.0,4.0,0.0
1906293133.0,4.0,2.0
1915618400.0,4.0,0.0
1916088614.0,4.0,2.0
1918791098.0,,
1920172920.0,4.0,
1923970171.0,4.0,0.0
1932552169.0,4.0,
1936178312.0,5.0,
1942231134.0,4.0,
1942892784.0,4.0,1.0
1955753292.0,4.0,
1957596570.0,4.0,3.0
1961086280.0,2.0,0.0
1961687341.0,4.0,0.0
1962915986.0,4.0,1.0
1965192206.0,1.0,1.0
1965257323.0,4.0,1.0
1969842715.0,2.0,
1976838618.0,4.0,0.0
1977067130.0,4.0,
1978817443.0,1.0,
2147935069.0,4.0,3.0
2148210860.0,4.0,
2149601869.0,4.0,0.0
2160015228.0,4.0,1.0
2161705747.0,4.0,3.0
2161782876.0,1.0,1.0
2164068220.0,4.0,0.0
2166783401.0,4.0,
2169637092.0,4.0,0.0
2170992901.0,4.0,3.0
2174955213.0,1.0,1.0
2175073964.0,1.0,
2177326815.0,4.0,0.0
2178941809.0,4.0,0.0
2179030802.0,4.0,
2180905566.0,4.0,0.0
2181179323.0,4.0,
2181282702.0,2.0,
2181313565.0,4.0,0.0
2182588958.0,4.0,0.0
2183888858.0,1.0,
2184915530.0,4.0,
2185310050.0,5.0,
2186612067.0,4.0,
2187038304.0,4.0,3.0
2187411998.0,4.0,0.0
2188988862.0,4.0,0.0
2191370730.0,4.0,
2192318795.0,4.0,
2196149683.0,4.0,1.0
2196356307.0,1.0,1.0
2197090334.0,2.0,3.0
2199360292.0,4.0,
2199700312.0,4.0,3.0
2199801978.0,4.0,
2200745592.0,4.0,3.0
2200747690.0,4.0,
2201513406.0,4.0,
2201679450.0,5.0,
2203981595.0,4.0,3.0
2205322249.0,4.0,0.0
2208208236.0,2.0,
2209839286.0,4.0,0.0
2210969976.0,4.0,0.0
2212956689.0,3.0,0.0
2213139331.0,4.0,
2215070558.0,4.0,0.0
2215207944.0,2.0,
2216380326.0,,
2218375152.0,4.0,0.0
2222360154.0,4.0,
2223381524.0,4.0,
2224032653.0,4.0,
2227453291.0,4.0,3.0
2227556088.0,4.0,
2229594979.0,1.0,
2232254527.0,4.0,0.0
2232451252.0,4.0,3.0
2234944921.0,4.0,1.0
2235829443.0,4.0,0.0
2236802557.0,1.0,
2237578021.0,4.0,0.0
2238233467.0,4.0,
2239733833.0,2.0,3.0
2241721448.0,4.0,0.0
2245074192.0,4.0,
2245271125.0,4.0,
2247234742.0,4.0,3.0
2247748386.0,4.0,3.0
2250804312.0,4.0,
2252667044.0,4.0,
2252776920.0,4.0,3.0
2252893178.0,4.0,
2254098764.0,4.0,
2256825164.0,2.0,3.0
2256976089.0,4.0,0.0
2257008405.0,4.0,
2257167066.0,4.0,
2260653506.0,1.0,1.0
2261464053.0,4.0,0.0
2263413625.0,2.0,
2263712048.0,1.0,
2264317961.0,4.0,1.0
2265349069.0,4.0,
2265420417.0,1.0,
2265529080.0,4.0,
2266671356.0,4.0,3.0
2269063453.0,4.0,2.0
2269233056.0,4.0,1.0
2269554663.0,4.0,
2269987860.0,,
2271104306.0,4.0,3.0
2271355986.0,4.0,
2271417056.0,4.0,1.0
2274700938.0,2.0,
2275299199.0,4.0,
2276667049.0,3.0,
2276727835.0,4.0,0.0
2281653608.0,4.0,
2282935976.0,4.0,0.0
2284346160.0,4.0,
2287323518.0,4.0,
2287354088.0,4.0,
2287593804.0,4.0,
2288588059.0,4.0,
2289044648.0,4.0,
2292693637.0,4.0,
2293248330.0,2.0,3.0
2293307498.0,4.0,
2293409850.0,1.0,1.0
2293455078.0,4.0,0.0
2294526605.0,4.0,3.0
2295512808.0,5.0,
2296438140.0,4.0,
2296666364.0,4.0,0.0
2298505619.0,1.0,1.0
2298532705.0,1.0,1.0
2298986911.0,1.0,1.0
2299869200.0,1.0,1.0
2301164574.0,4.0,3.0
2301872990.0,4.0,3.0
2301998024.0,4.0,0.0
2302146498.0,4.0,0.0
2302373526.0,,
2302467720.0,4.0,
2304730455.0,2.0,3.0
2305041670.0,4.0,0.0
2306946153.0,1.0,
2309456114.0,4.0,
2309902285.0,4.0,
2310884846.0,4.0,
2311051028.0,3.0,
2311987414.0,4.0,0.0
2313098534.0,4.0,1.0
2314430864.0,4.0,0.0
2314873926.0,4.0,0.0
2316649928.0,2.0,
2317493670.0,4.0,3.0
2318073548.0,4.0,
2318242418.0,4.0,0.0
2319315263.0,,
2324525341.0,4.0,
2324765574.0,4.0,0.0
2325112610.0,2.0,
2326073256.0,4.0,1.0
2326335598.0,4.0,
2329522094.0,4.0,0.0
2329566668.0,4.0,
2334919192.0,4.0,1.0
2336120958.0,4.0,
2352474534.0,5.0,
2353953175.0,4.0,1.0
2354172174.0,4.0,
2355091214.0,1.0,
2355547244.0,5.0,
2355825162.0,4.0,3.0
2356974259.0,4.0,
2357205091.0,4.0,
2358309367.0,4.0,
2359961656.0,4.0,
2360155412.0,3.0,
2360390845.0,4.0,3.0
2360611818.0,4.0,
2364700704.0,4.0,
2365227628.0,4.0,
2369258387.0,4.0,
2369393906.0,4.0,1.0
2371128043.0,4.0,
2373012542.0,5.0,
2374601250.0,2.0,3.0
2374832580.0,1.0,1.0
2375472660.0,1.0,1.0
2379242186.0,4.0,3.0
2380712103.0,1.0,1.0
2381196252.0,4.0,3.0
2381296429.0,4.0,0.0
2383853806.0,2.0,3.0
2384219898.0,4.0,
2384899626.0,4.0,3.0
2385522354.0,4.0,0.0
2385912086.0,3.0,0.0
2388329659.0,4.0,
2389535518.0,1.0,1.0
2390115180.0,4.0,
2391702618.0,4.0,0.0
2391722096.0,2.0,
2395495076.0,4.0,1.0
2396506754.0,4.0,
2397323749.0,4.0,0.0
2400931034.0,4.0,3.0
2400959006.0,3.0,
2401822611.0,4.0,
2404560468.0,2.0,3.0
2404967816.0,4.0,0.0
2408543985.0,4.0,0.0
2411391901.0,4.0,3.0
2413360371.0,4.0,1.0
2414740243.0,4.0,
2414773868.0,4.0,0.0
2416353230.0,4.0,3.0
2419880006.0,2.0,
2420872921.0,4.0,
2421123722.0,1.0,
2421245690.0,4.0,
2424648200.0,2.0,3.0
2426460366.0,4.0,0.0
2428074381.0,4.0,0.0
2430751891.0,4.0,
2430793050.0,1.0,
2432527262.0,3.0,
2434496723.0,4.0,0.0
2434655468.0,4.0,3.0
2434768125.0,4.0,
2435661494.0,4.0,0.0
2437774033.0,4.0,
2438166174.0,4.0,
2439828375.0,4.0,
2440731428.0,4.0,
2442136598.0,4.0,
2444518922.0,4.0,0.0
2445617256.0,4.0,1.0
2448159428.0,5.0,
2450272344.0,4.0,
2450736974.0,4.0,
2453705914.0,4.0,1.0
2456041950.0,4.0,0.0
2457173413.0,4.0,0.0
2457662821.0,2.0,3.0
2458849285.0,3.0,3.0
2462780591.0,2.0,
2466899420.0,4.0,3.0
2468104651.0,4.0,
2470063771.0,4.0,0.0
2470121857.0,3.0,3.0
2470311087.0,1.0,1.0
2471286182.0,1.0,
2472566341.0,4.0,
2472873182.0,4.0,
2475627094.0,4.0,1.0
2476083618.0,4.0,
2477244616.0,1.0,
2479037011.0,4.0,3.0
2480803471.0,4.0,
2485421060.0,4.0,2.0
2495342468.0,4.0,0.0
2499856179.0,4.0,
2502474378.0,4.0,3.0
2506110638.0,4.0,0.0
2507575295.0,4.0,0.0
2508650378.0,5.0,
2509346532.0,4.0,
2510789233.0,4.0,
2511029468.0,4.0,
2514085772.0,4.0,1.0
2516413898.0,4.0,0.0
2518206162.0,4.0,
2521754713.0,5.0,
2522078002.0,4.0,3.0
2522245316.0,5.0,
2524187783.0,4.0,
2524273615.0,4.0,
2525199788.0,4.0,0.0
2525918133.0,4.0,3.0
2527719612.0,4.0,
2528557369.0,3.0,2.0
2529166616.0,,
2532820364.0,2.0,
2535572605.0,1.0,
2536246606.0,4.0,
2538318732.0,3.0,
2538473441.0,4.0,
2541510076.0,4.0,2.0
2544846032.0,2.0,3.0
2547725625.0,4.0,3.0
2548680540.0,4.0,3.0
2548877706.0,4.0,
2549114401.0,4.0,0.0
2549448884.0,4.0,0.0
2552038861.0,5.0,
2553006528.0,4.0,
2555347734.0,2.0,
2555704356.0,4.0,3.0
2556136994.0,4.0,
2557410338.0,4.0,0.0
2560318209.0,3.0,3.0
2560494284.0,1.0,
2560820992.0,2.0,3.0
2562237847.0,4.0,
2563923607.0,4.0,3.0
2565742091.0,1.0,1.0
2567787636.0,4.0,1.0
2567974587.0,4.0,
2569379974.0,4.0,0.0
2571493197.0,4.0,1.0
2573849336.0,4.0,0.0
2575473632.0,3.0,
2575981686.0,2.0,
2577589822.0,5.0,
2578816177.0,4.0,
2579034420.0,4.0,0.0
2579635009.0,4.0,
2580080726.0,4.0,3.0
2584049531.0,4.0,
2584173555.0,4.0,3.0
2587909114.0,1.0,1.0
2590477859.0,1.0,1.0
2591591772.0,2.0,1.0
2592291506.0,4.0,3.0
2595314495.0,1.0,
2595838477.0,5.0,
2596620258.0,4.0,
2596713783.0,2.0,3.0
2597223242.0,4.0,
2599039541.0,4.0,0.0
2600507089.0,4.0,
2608293151.0,2.0,
2610159810.0,2.0,3.0
2610445469.0,4.0,0.0
2612733808.0,4.0,
2615001371.0,4.0,3.0
2615148630.0,,
2615742738.0,4.0,0.0
2615854496.0,4.0,3.0
2633283102.0,3.0,3.0
2637453008.0,4.0,
2650598568.0,,
2654136130.0,4.0,
2658671220.0,4.0,
2660442010.0,4.0,0.0
2668978821.0,4.0,2.0
2671810020.0,2.0,3.0
2673969046.0,4.0,0.0
2675305502.0,4.0,
2678903934.0,4.0,
2680272985.0,4.0,
2685567771.0,2.0,
2690572039.0,4.0,3.0
2691293058.0,4.0,
2695579559.0,4.0,3.0
2697090056.0,5.0,
2702637793.0,1.0,1.0
2704926340.0,4.0,1.0
2717597414.0,3.0,2.0
2718015666.0,5.0,
2718980837.0,4.0,
2723441021.0,5.0,
2724509797.0,4.0,0.0
2725330106.0,3.0,3.0
2726086164.0,4.0,
2726914463.0,4.0,0.0
2727949156.0,4.0,
2728162654.0,4.0,0.0
2730110218.0,4.0,3.0
2730263722.0,4.0,0.0
2732904821.0,4.0,3.0
2732986154.0,4.0,
2733345421.0,4.0,
2733399521.0,2.0,
2736928696.0,4.0,0.0
2737716743.0,4.0,0.0
2737938830.0,4.0,
2738834639.0,4.0,
2740195508.0,4.0,
2740287716.0,4.0,
2743083179.0,4.0,0.0
2750447937.0,4.0,
2751041485.0,4.0,0.0
2751224597.0,4.0,
2751725218.0,4.0,
2753027889.0,4.0,
2755889855.0,4.0,0.0
2755943451.0,4.0,
2757689073.0,4.0,0.0
2758479022.0,4.0,
2759388180.0,4.0,
2759657456.0,4.0,0.0
2760312862.0,4.0,3.0
2761220320.0,4.0,0.0
2763006832.0,4.0,3.0
2763554758.0,1.0,
2763662865.0,3.0,
2764247252.0,4.0,
2764687093.0,4.0,3.0
2770902545.0,1.0,1.0
2772048276.0,4.0,2.0
2774403231.0,4.0,3.0
2778320999.0,4.0,
2778603810.0,4.0,1.0
2781903088.0,5.0,
2784671755.0,4.0,0.0
2786498322.0,4.0,1.0
2786606790.0,4.0,
2787755103.0,4.0,3.0
2790075383.0,1.0,1.0
2790265593.0,4.0,0.0
2791142413.0,4.0,1.0
2793469750.0,4.0,0.0
2795122100.0,4.0,
2797106562.0,4.0,
2797857416.0,2.0,3.0
2798534959.0,4.0,
2798889409.0,4.0,
2799285827.0,4.0,
2804620328.0,4.0,
2805723186.0,4.0,3.0
2808622470.0,4.0,0.0
2810278782.0,1.0,
2817465591.0,2.0,3.0
2818948800.0,4.0,0.0
2821222602.0,4.0,1.0
2821424842.0,4.0,
2822734945.0,4.0,3.0
2823063853.0,4.0,
2824319057.0,1.0,
2824678417.0,4.0,0.0
2824805007.0,4.0,0.0
2825159372.0,4.0,
2825575112.0,4.0,3.0
2825946468.0,4.0,0.0
2828143673.0,4.0,3.0
2830146989.0,4.0,1.0
2832509569.0,2.0,
2833296404.0,4.0,
2836699214.0,1.0,
2838568592.0,4.0,
2838681690.0,1.0,
2842119424.0,4.0,
2844764195.0,4.0,0.0
2845538967.0,4.0,
2846064382.0,4.0,2.0
2850045441.0,4.0,0.0
2856890664.0,4.0,
2857575721.0,5.0,
2859608548.0,4.0,
2859825329.0,4.0,0.0
2863718857.0,4.0,0.0
2863783099.0,1.0,
2864476919.0,4.0,
2864756633.0,4.0,1.0
2865242560.0,4.0,0.0
2866251564.0,3.0,
2871497962.0,4.0,3.0
2872013142.0,4.0,
2874011081.0,2.0,3.0
2875219086.0,4.0,
2875921793.0,4.0,1.0
2880403279.0,1.0,
2881317355.0,4.0,
2882880929.0,4.0,1.0
2884628224.0,1.0,0.0
2886591170.0,4.0,0.0
2888270033.0,4.0,
2891064740.0,4.0,
2891941910.0,4.0,
2892010517.0,4.0,1.0
2892105041.0,4.0,
2892685603.0,4.0,
2893391502.0,1.0,1.0
2894415306.0,4.0,0.0
2895006527.0,4.0,
2896225672.0,4.0,
2896788206.0,,
2896811689.0,4.0,
2897031072.0,4.0,
2899405907.0,4.0,
2900071336.0,4.0,0.0
2900104471.0,4.0,
2900740656.0,4.0,
2901034236.0,4.0,
2902516750.0,3.0,
2903967022.0,4.0,
2904538677.0,4.0,
2906582448.0,4.0,0.0
2906892893.0,4.0,3.0
2907123608.0,1.0,1.0
2907316207.0,4.0,0.0
2908103277.0,,
2911137560.0,3.0,
2911420273.0,4.0,
2913389455.0,4.0,1.0
2913974602.0,4.0,
2914079949.0,4.0,
2914422905.0,4.0,1.0
2915874246.0,4.0,0.0
2919956946.0,4.0,1.0
2920144052.0,2.0,3.0
2920350729.0,4.0,
2921378467.0,4.0,
2925423244.0,4.0,3.0
2925933183.0,4.0,
2931733350.0,4.0,
2939045831.0,2.0,
2939591566.0,5.0,
2940376415.0,4.0,3.0
2943071684.0,2.0,3.0
2949758896.0,4.0,
2952005651.0,3.0,
2952301456.0,4.0,0.0
2955790493.0,4.0,3.0
2959835717.0,4.0,2.0
2960050025.0,4.0,3.0
2960249516.0,1.0,1.0
2961281625.0,5.0,
2972213533.0,5.0,
2975120945.0,4.0,0.0
2976317253.0,4.0,3.0
2977052470.0,4.0,1.0
2977401426.0,4.0,
2977934168.0,2.0,
2983223970.0,4.0,
2984390205.0,4.0,0.0
2986792732.0,1.0,3.0
2988678112.0,4.0,
2993522001.0,,
2994526107.0,4.0,
2995185392.0,4.0,
3000034679.0,4.0,
3001441463.0,4.0,3.0
3003977248.0,4.0,
3005791475.0,1.0,1.0
3006094109.0,4.0,0.0
3008982077.0,4.0,
3009051802.0,4.0,0.0
3010769699.0,4.0,0.0
3013097139.0,4.0,
3013845271.0,3.0,
3014751527.0,4.0,0.0
3015903747.0,4.0,3.0
3015960470.0,4.0,1.0
3017928661.0,5.0,
3018706812.0,4.0,
3021401323.0,4.0,
3021835009.0,4.0,0.0
3022079691.0,4.0,
3024065756.0,4.0,0.0
3025470221.0,4.0,
3027662024.0,4.0,1.0
3028515586.0,4.0,
3031462283.0,5.0,
3033719680.0,3.0,
3035645312.0,2.0,
3036979154.0,4.0,
3037301653.0,4.0,
3038079105.0,4.0,
3039626890.0,4.0,3.0
3041117137.0,4.0,3.0
3044744679.0,4.0,3.0
3047072627.0,4.0,0.0
3051490694.0,4.0,1.0
3057738927.0,3.0,3.0
3060710501.0,4.0,
3063288771.0,3.0,
3065867970.0,2.0,3.0
3066168378.0,4.0,
3066978829.0,4.0,0.0
3068903234.0,4.0,0.0
3069457118.0,4.0,3.0
3070536297.0,4.0,3.0
3072902860.0,4.0,
3074362506.0,,
3076388267.0,4.0,
3076452814.0,4.0,
3084749045.0,4.0,1.0
3085159283.0,4.0,0.0
3087808289.0,4.0,0.0
3103589786.0,4.0,3.0
3109369137.0,4.0,1.0
3112104673.0,4.0,0.0
3114184106.0,4.0,
3118133584.0,4.0,0.0
3121728823.0,4.0,0.0
3121949341.0,4.0,
3122881138.0,4.0,
3124818526.0,4.0,3.0
3127659802.0,4.0,0.0
3132206668.0,4.0,0.0
3133241851.0,4.0,
3133741969.0,4.0,1.0
3135724894.0,4.0,
3138749377.0,1.0,
3140821267.0,4.0,
3145284958.0,3.0,
3145892637.0,4.0,3.0
3148876452.0,4.0,1.0
3152753374.0,4.0,
3152775560.0,4.0,0.0
3153030412.0,4.0,3.0
3154721422.0,1.0,1.0
3154984601.0,5.0,
3163465127.0,4.0,
3166193916.0,1.0,
3166318512.0,4.0,
3166438737.0,3.0,
3167930208.0,4.0,
3169333664.0,4.0,
3170853514.0,4.0,
3173352986.0,2.0,
3176949829.0,4.0,0.0
3177402295.0,4.0,0.0
3178803853.0,2.0,
3178881626.0,2.0,3.0
3179104207.0,1.0,1.0
3179533568.0,4.0,
3181483672.0,4.0,0.0
3182057718.0,4.0,3.0
3182685398.0,,
3184729629.0,4.0,1.0
3192158028.0,1.0,1.0
3192597888.0,4.0,0.0
3194658692.0,5.0,
3195695389.0,4.0,0.0
3196361888.0,1.0,1.0
3198863673.0,4.0,0.0
3199982062.0,4.0,
3204666058.0,4.0,
3214038281.0,4.0,
3219670854.0,4.0,
3222318772.0,1.0,
3224857470.0,3.0,3.0
3230311182.0,4.0,
3231716628.0,4.0,
3231857638.0,4.0,0.0
3232444234.0,1.0,
3237210811.0,4.0,2.0
3242578086.0,5.0,
3242876653.0,4.0,1.0
3244645951.0,1.0,1.0
3245551989.0,4.0,
3246861233.0,4.0,
3249358214.0,4.0,0.0
3249393374.0,3.0,
3249927378.0,4.0,0.0
3257457133.0,4.0,
3258561313.0,2.0,
3265711508.0,5.0,
3266408292.0,4.0,
3268888118.0,2.0,3.0
3273811628.0,4.0,
3275329489.0,4.0,
3278977857.0,4.0,0.0
3280081735.0,4.0,
3282245105.0,4.0,
3283686312.0,4.0,0.0
3285507262.0,4.0,
3286685211.0,4.0,1.0
3290827158.0,4.0,
3290941048.0,4.0,
3292750674.0,4.0,3.0
3296511674.0,4.0,1.0
3298192458.0,2.0,
3299819780.0,4.0,
3302634613.0,4.0,0.0
3303114193.0,4.0,
3306356675.0,1.0,1.0
3307464971.0,4.0,0.0
3309852775.0,4.0,
3310055095.0,3.0,2.0
3311150741.0,1.0,1.0
3312294837.0,4.0,
3312564671.0,4.0,
3312885191.0,1.0,1.0
3313229142.0,4.0,
3315788803.0,4.0,
3316308540.0,4.0,
3320812364.0,4.0,
3322903916.0,5.0,
3323699762.0,4.0,2.0
3323849986.0,1.0,1.0
3324801909.0,1.0,
3325987552.0,2.0,3.0
3327380259.0,4.0,0.0
3331366437.0,4.0,3.0
3346869678.0,3.0,3.0
3352812676.0,4.0,0.0
3353915879.0,2.0,3.0
3355968977.0,4.0,
3362780789.0,4.0,3.0
3362942435.0,4.0,3.0
3364366738.0,1.0,1.0
3367316435.0,4.0,0.0
3367515555.0,1.0,
3368226813.0,4.0,0.0
3370173412.0,4.0,
3371304053.0,4.0,0.0
3376900234.0,4.0,0.0
3378184781.0,4.0,
3382744697.0,4.0,3.0
3383838947.0,5.0,
3383920751.0,4.0,
3388212273.0,4.0,0.0
3396300100.0,4.0,0.0
3400534461.0,3.0,
3400611814.0,4.0,
3402835817.0,4.0,
3405253071.0,4.0,0.0
3410331825.0,4.0,0.0
3420881525.0,4.0,
3422743564.0,4.0,0.0
3424353734.0,3.0,
3424478625.0,4.0,
3425196581.0,4.0,
3425758336.0,1.0,1.0
3427249923.0,4.0,
3428858692.0,4.0,
3433624414.0,4.0,3.0
3433768414.0,5.0,
3438842434.0,,
3452337083.0,4.0,
3459416961.0,4.0,0.0
3462758302.0,4.0,3.0
3475958352.0,4.0,3.0
3517404553.0,4.0,1.0
3548664563.0,5.0,
3559452553.0,4.0,3.0
3580642275.0,1.0,
3581264895.0,4.0,
3582400695.0,4.0,0.0
3601607234.0,4.0,
3605096716.0,5.0,
3611655436.0,1.0,
3613515743.0,2.0,
3616022660.0,4.0,0.0
3618761539.0,3.0,3.0
3621133637.0,4.0,
3639457333.0,4.0,
3658906588.0,2.0,3.0
3669844456.0,4.0,
3706464552.0,4.0,0.0
3729975327.0,4.0,0.0
3732384855.0,4.0,3.0
3782325681.0,4.0,
3784568652.0,5.0,
3788797455.0,4.0,
3795131594.0,4.0,
3795593836.0,5.0,
3796413315.0,4.0,0.0
3796428432.0,4.0,0.0
3813235755.0,4.0,0.0
3821977876.0,4.0,1.0
3832086733.0,4.0,0.0
3878378117.0,4.0,
3882606561.0,4.0,
3884346227.0,4.0,0.0
3885162793.0,4.0,
3893332168.0,1.0,1.0
3906667697.0,4.0,0.0
3924536853.0,4.0,0.0
3931792572.0,4.0,
3935739196.0,4.0,
3973142338.0,4.0,3.0
3981247277.0,4.0,3.0
4027517267.0,2.0,
4028043159.0,4.0,
4028755694.0,4.0,3.0
4039821604.0,4.0,
4051006282.0,1.0,1.0
4054317635.0,4.0,0.0
4056053350.0,4.0,0.0
4076790501.0,4.0,1.0
4077827427.0,4.0,3.0
4078880655.0,4.0,0.0
4081487413.0,4.0,2.0
4086517462.0,1.0,
4090851143.0,4.0,0.0
4102860683.0,1.0,
4108670475.0,4.0,0.0
4109675419.0,1.0,
4111361301.0,1.0,
4122722476.0,4.0,1.0
4126361128.0,4.0,0.0
4172939002.0,4.0,0.0
4245785474.0,4.0,3.0
4246105461.0,4.0,
4256353932.0,4.0,0.0
4274283194.0,1.0,
4281628276.0,4.0,0.0
4299022415.0,2.0,3.0
4317387674.0,4.0,0.0
4345040669.0,4.0,0.0
4351865122.0,2.0,
4353232533.0,4.0,
4362205038.0,4.0,3.0
4405731209.0,5.0,
4412686997.0,3.0,
4416120494.0,4.0,0.0
4465396102.0,1.0,1.0
4467793452.0,,
4504566980.0,4.0,0.0
4549825675.0,4.0,
4566092245.0,4.0,
4581426914.0,4.0,0.0
4586501604.0,4.0,
4652050590.0,4.0,
4657153754.0,5.0,
4659071841.0,1.0,
4685486839.0,2.0,
4710718598.0,4.0,
4728119962.0,4.0,
4739112700.0,4.0,
4739772853.0,4.0,0.0
4740686001.0,4.0,0.0
4764176880.0,4.0,
4766296833.0,4.0,1.0
4770014078.0,4.0,
4777151356.0,4.0,3.0
4779039077.0,1.0,1.0
4783670656.0,4.0,
4800301291.0,4.0,
4809914381.0,4.0,
4809960492.0,4.0,1.0
4810577965.0,4.0,
4822577727.0,4.0,0.0
4844348739.0,4.0,3.0
4850977700.0,4.0,
4856307520.0,1.0,
4863919091.0,4.0,
4864811267.0,4.0,
4878926855.0,4.0,1.0
4889565747.0,4.0,0.0
4892221799.0,4.0,0.0
4892715256.0,4.0,
4895390642.0,2.0,
4895831833.0,4.0,3.0
4921995243.0,4.0,
4924158634.0,4.0,
4928657861.0,4.0,
6.95e+17,4.0,
7.04e+17,3.0,
7.06e+17,4.0,
7.06e+17,4.0,
7.18e+17,2.0,
7.19e+17,1.0,
7.39e+17,4.0,
